-- --------------------------------------------------------
-- Host:                         127.0.0.1
-- Server version:               8.0.30 - MySQL Community Server - GPL
-- Server OS:                    Win64
-- HeidiSQL Version:             12.1.0.6537
-- --------------------------------------------------------

/*!40101 SET @OLD_CHARACTER_SET_CLIENT=@@CHARACTER_SET_CLIENT */;
/*!40101 SET NAMES utf8 */;
/*!50503 SET NAMES utf8mb4 */;
/*!40103 SET @OLD_TIME_ZONE=@@TIME_ZONE */;
/*!40103 SET TIME_ZONE='+00:00' */;
/*!40014 SET @OLD_FOREIGN_KEY_CHECKS=@@FOREIGN_KEY_CHECKS, FOREIGN_KEY_CHECKS=0 */;
/*!40101 SET @OLD_SQL_MODE=@@SQL_MODE, SQL_MODE='NO_AUTO_VALUE_ON_ZERO' */;
/*!40111 SET @OLD_SQL_NOTES=@@SQL_NOTES, SQL_NOTES=0 */;


-- Dumping database structure for test
DROP DATABASE IF EXISTS `test`;
CREATE DATABASE IF NOT EXISTS `test` /*!40100 DEFAULT CHARACTER SET utf8mb4 COLLATE utf8mb4_0900_ai_ci */ /*!80016 DEFAULT ENCRYPTION='N' */;
USE `test`;

-- Dumping structure for table test.brands
DROP TABLE IF EXISTS `brands`;
CREATE TABLE IF NOT EXISTS `brands` (
  `id` bigint NOT NULL AUTO_INCREMENT,
  `name` varchar(255) NOT NULL,
  PRIMARY KEY (`id`)
) ENGINE=InnoDB AUTO_INCREMENT=11 DEFAULT CHARSET=utf8mb4 COLLATE=utf8mb4_0900_ai_ci;

-- Dumping data for table test.brands: ~10 rows (approximately)
REPLACE INTO `brands` (`id`, `name`) VALUES
	(1, 'Apple'),
	(2, 'Samsung'),
	(3, 'Oppo'),
	(4, 'Xiaomi'),
	(5, 'LG'),
	(6, 'HP'),
	(7, 'Dell'),
	(8, 'MSI'),
	(9, 'Logitech'),
	(10, 'Khác');

-- Dumping structure for table test.categories
DROP TABLE IF EXISTS `categories`;
CREATE TABLE IF NOT EXISTS `categories` (
  `id` bigint NOT NULL AUTO_INCREMENT,
  `name` varchar(255) NOT NULL,
  PRIMARY KEY (`id`)
) ENGINE=InnoDB AUTO_INCREMENT=11 DEFAULT CHARSET=utf8mb4 COLLATE=utf8mb4_0900_ai_ci;

-- Dumping data for table test.categories: ~10 rows (approximately)
REPLACE INTO `categories` (`id`, `name`) VALUES
	(1, 'Điện Thoại'),
	(2, 'Laptop'),
	(3, 'Đồng Hồ'),
	(4, 'Tai Nghe'),
	(5, 'Màn Hình'),
	(6, 'Bàn Phím'),
	(7, 'Chuột'),
	(8, 'Phụ Kiện'),
	(9, 'PC'),
	(10, 'Khác');

-- Dumping structure for table test.failed_jobs
DROP TABLE IF EXISTS `failed_jobs`;
CREATE TABLE IF NOT EXISTS `failed_jobs` (
  `id` bigint unsigned NOT NULL AUTO_INCREMENT,
  `uuid` varchar(255) COLLATE utf8mb4_unicode_ci NOT NULL,
  `connection` text COLLATE utf8mb4_unicode_ci NOT NULL,
  `queue` text COLLATE utf8mb4_unicode_ci NOT NULL,
  `payload` longtext COLLATE utf8mb4_unicode_ci NOT NULL,
  `exception` longtext COLLATE utf8mb4_unicode_ci NOT NULL,
  `failed_at` timestamp NOT NULL DEFAULT CURRENT_TIMESTAMP,
  PRIMARY KEY (`id`),
  UNIQUE KEY `failed_jobs_uuid_unique` (`uuid`)
) ENGINE=InnoDB DEFAULT CHARSET=utf8mb4 COLLATE=utf8mb4_unicode_ci;

-- Dumping data for table test.failed_jobs: ~0 rows (approximately)

-- Dumping structure for table test.migrations
DROP TABLE IF EXISTS `migrations`;
CREATE TABLE IF NOT EXISTS `migrations` (
  `id` int unsigned NOT NULL AUTO_INCREMENT,
  `migration` varchar(255) COLLATE utf8mb4_unicode_ci NOT NULL,
  `batch` int NOT NULL,
  PRIMARY KEY (`id`)
) ENGINE=InnoDB AUTO_INCREMENT=15 DEFAULT CHARSET=utf8mb4 COLLATE=utf8mb4_unicode_ci;

-- Dumping data for table test.migrations: ~8 rows (approximately)
REPLACE INTO `migrations` (`id`, `migration`, `batch`) VALUES
	(1, '2014_10_12_000000_create_users_table', 1),
	(2, '2014_10_12_100000_create_password_reset_tokens_table', 1),
	(3, '2019_08_19_000000_create_failed_jobs_table', 1),
	(4, '2019_12_14_000001_create_personal_access_tokens_table', 1),
	(6, '2025_03_09_082012_add_role_to_users_table', 2),
	(12, '2014_10_12_100000_create_password_resets_table', 3),
	(13, '2025_03_09_082812_add_role_to_users_table', 3),
	(14, '2025_03_09_090613_update_orders_table', 3);

-- Dumping structure for table test.orders
DROP TABLE IF EXISTS `orders`;
CREATE TABLE IF NOT EXISTS `orders` (
  `id` bigint NOT NULL AUTO_INCREMENT,
  `address` varchar(255) DEFAULT NULL,
  `customer_name` varchar(255) DEFAULT NULL,
  `email` varchar(255) DEFAULT NULL,
  `note` varchar(255) DEFAULT NULL,
  `order_date` datetime(6) DEFAULT NULL,
  `payment` varchar(255) DEFAULT NULL,
  `phone_number` varchar(255) DEFAULT NULL,
  `total_price` int NOT NULL,
  `order_status_id` bigint DEFAULT NULL,
  `user_id` bigint unsigned DEFAULT NULL,
  `voucher_id` bigint DEFAULT NULL,
  PRIMARY KEY (`id`),
  KEY `FKcbbqf26brulgfgvd0mf74rv4y` (`order_status_id`),
  KEY `FKdimvsocblb17f45ikjr6xn1wj` (`voucher_id`),
  KEY `orders_user_id_foreign` (`user_id`),
  CONSTRAINT `FKcbbqf26brulgfgvd0mf74rv4y` FOREIGN KEY (`order_status_id`) REFERENCES `order_statuses` (`id`),
  CONSTRAINT `FKdimvsocblb17f45ikjr6xn1wj` FOREIGN KEY (`voucher_id`) REFERENCES `vouchers` (`id`),
  CONSTRAINT `orders_user_id_foreign` FOREIGN KEY (`user_id`) REFERENCES `users` (`id`) ON DELETE CASCADE
) ENGINE=InnoDB AUTO_INCREMENT=11 DEFAULT CHARSET=utf8mb4 COLLATE=utf8mb4_0900_ai_ci;

-- Dumping data for table test.orders: ~9 rows (approximately)
REPLACE INTO `orders` (`id`, `address`, `customer_name`, `email`, `note`, `order_date`, `payment`, `phone_number`, `total_price`, `order_status_id`, `user_id`, `voucher_id`) VALUES
	(1, '0394778833', '0394778833', 'user@example.com', 'Dặt Hàng', '2024-06-29 14:49:16.605490', 'Trực tiếp', '0394778833', 4615820, 4, 2, 2),
	(2, 'VietNam', 'Nguyen Anh Nhat', 'nhatanh.nuisxccx@gmail.com', 'Đặt Hàng', '2025-03-17 01:41:25.000000', 'Trực tiếp', '0394778814', 355680, 5, 2, NULL),
	(3, 'VietNam', 'Nguyen Anh Nhat', 'nhatanh.nuisxccx@gmail.com', 'Đặt Hàng', '2025-03-17 01:42:50.000000', 'Trực tiếp', '0394778814', 3253600, 7, 2, NULL),
	(4, 'VietNam', 'Nguyen Anh Nhat', 'nhatanh.nuisxccx@gmail.com', 'Đặt Hàng', '2025-03-17 01:44:55.000000', 'Trực tiếp', '0394778814', 6513210, 2, 2, NULL),
	(5, 'VietNam', 'Nguyen Anh Nhat', 'nhatanh.nuisxccx@gmail.com', 'Đặt Hàng', '2025-03-17 01:46:00.000000', 'Trực tiếp', '0394778814', 149400, 1, 2, NULL),
	(6, 'VietNam', 'Nguyen Anh Nhat', 'nhatanh.nuisxccx@gmail.com', 'Đặt Hàng', '2025-03-17 01:46:51.000000', 'Trực tiếp', '0394778814', 5028030, 3, 2, NULL),
	(7, 'Xã Quảng Khê, Huyện Ba Bể, Tỉnh Bắc Kạn', 'TAO', 'nhatanh.nuisxccx@gmail.com', 'Đặt Hàng', '2025-03-18 06:56:15.000000', 'Online', '23019231203', 2211300, 9, 2, NULL),
	(9, 'Xã Quảng Khê, Huyện Ba Bể, Tỉnh Bắc Kạn', 'TAO', 'nhatanh.nuisxccx@gmail.com', 'Đặt Hàng', '2025-03-18 09:06:14.000000', 'Trực tiếp', 'x', 13527450, 6, 2, NULL),
	(10, 'xxx', 'xxx', 'nhatanh.nuisxxxx@gmail.com', 'Đặt Hàng', '2025-03-18 09:50:11.000000', 'Trực tiếp', 'xxx', 1050560, 5, 3, NULL);

-- Dumping structure for table test.order_details
DROP TABLE IF EXISTS `order_details`;
CREATE TABLE IF NOT EXISTS `order_details` (
  `id` bigint NOT NULL AUTO_INCREMENT,
  `quantity` int NOT NULL,
  `order_id` bigint DEFAULT NULL,
  `product_id` bigint DEFAULT NULL,
  PRIMARY KEY (`id`),
  KEY `FKjyu2qbqt8gnvno9oe9j2s2ldk` (`order_id`),
  KEY `FK4q98utpd73imf4yhttm3w0eax` (`product_id`),
  CONSTRAINT `FK4q98utpd73imf4yhttm3w0eax` FOREIGN KEY (`product_id`) REFERENCES `products` (`id`),
  CONSTRAINT `FKjyu2qbqt8gnvno9oe9j2s2ldk` FOREIGN KEY (`order_id`) REFERENCES `orders` (`id`)
) ENGINE=InnoDB AUTO_INCREMENT=11 DEFAULT CHARSET=utf8mb4 COLLATE=utf8mb4_0900_ai_ci;

-- Dumping data for table test.order_details: ~8 rows (approximately)
REPLACE INTO `order_details` (`id`, `quantity`, `order_id`, `product_id`) VALUES
	(1, 1, 1, 95),
	(2, 1, 2, 50),
	(3, 1, 3, 97),
	(4, 1, 4, 74),
	(5, 1, 5, 102),
	(6, 1, 6, 205),
	(7, 1, 7, 127),
	(9, 3, 9, 261),
	(10, 1, 10, 82);

-- Dumping structure for table test.order_statuses
DROP TABLE IF EXISTS `order_statuses`;
CREATE TABLE IF NOT EXISTS `order_statuses` (
  `id` bigint NOT NULL AUTO_INCREMENT,
  `ten_trang_thai` varchar(255) NOT NULL,
  PRIMARY KEY (`id`)
) ENGINE=InnoDB AUTO_INCREMENT=10 DEFAULT CHARSET=utf8mb4 COLLATE=utf8mb4_0900_ai_ci;

-- Dumping data for table test.order_statuses: ~9 rows (approximately)
REPLACE INTO `order_statuses` (`id`, `ten_trang_thai`) VALUES
	(1, 'Chờ xác nhận đơn hàng'),
	(2, 'Đã xác nhận đơn hàng'),
	(3, 'Đang giao hàng'),
	(4, 'Đã giao hàng thành công'),
	(5, 'Đã nhận hàng'),
	(6, 'Đã hủy đơn hàng'),
	(7, 'Chờ xác nhận yêu cầu trả hàng'),
	(8, 'Đã xác nhận yêu cầu trả hàng'),
	(9, 'Đã trả hàng thành công');

-- Dumping structure for table test.password_resets
DROP TABLE IF EXISTS `password_resets`;
CREATE TABLE IF NOT EXISTS `password_resets` (
  `email` varchar(255) COLLATE utf8mb4_unicode_ci NOT NULL,
  `token` varchar(255) COLLATE utf8mb4_unicode_ci NOT NULL,
  `created_at` timestamp NULL DEFAULT NULL,
  KEY `password_resets_email_index` (`email`)
) ENGINE=InnoDB DEFAULT CHARSET=utf8mb4 COLLATE=utf8mb4_unicode_ci;

-- Dumping data for table test.password_resets: ~0 rows (approximately)

-- Dumping structure for table test.password_reset_tokens
DROP TABLE IF EXISTS `password_reset_tokens`;
CREATE TABLE IF NOT EXISTS `password_reset_tokens` (
  `email` varchar(255) COLLATE utf8mb4_unicode_ci NOT NULL,
  `token` varchar(255) COLLATE utf8mb4_unicode_ci NOT NULL,
  `created_at` timestamp NULL DEFAULT NULL,
  PRIMARY KEY (`email`)
) ENGINE=InnoDB DEFAULT CHARSET=utf8mb4 COLLATE=utf8mb4_unicode_ci;

-- Dumping data for table test.password_reset_tokens: ~0 rows (approximately)

-- Dumping structure for table test.personal_access_tokens
DROP TABLE IF EXISTS `personal_access_tokens`;
CREATE TABLE IF NOT EXISTS `personal_access_tokens` (
  `id` bigint unsigned NOT NULL AUTO_INCREMENT,
  `tokenable_type` varchar(255) COLLATE utf8mb4_unicode_ci NOT NULL,
  `tokenable_id` bigint unsigned NOT NULL,
  `name` varchar(255) COLLATE utf8mb4_unicode_ci NOT NULL,
  `token` varchar(64) COLLATE utf8mb4_unicode_ci NOT NULL,
  `abilities` text COLLATE utf8mb4_unicode_ci,
  `last_used_at` timestamp NULL DEFAULT NULL,
  `expires_at` timestamp NULL DEFAULT NULL,
  `created_at` timestamp NULL DEFAULT NULL,
  `updated_at` timestamp NULL DEFAULT NULL,
  PRIMARY KEY (`id`),
  UNIQUE KEY `personal_access_tokens_token_unique` (`token`),
  KEY `personal_access_tokens_tokenable_type_tokenable_id_index` (`tokenable_type`,`tokenable_id`)
) ENGINE=InnoDB DEFAULT CHARSET=utf8mb4 COLLATE=utf8mb4_unicode_ci;

-- Dumping data for table test.personal_access_tokens: ~0 rows (approximately)

-- Dumping structure for table test.products
DROP TABLE IF EXISTS `products`;
CREATE TABLE IF NOT EXISTS `products` (
  `id` bigint NOT NULL AUTO_INCREMENT,
  `da_an` bit(1) NOT NULL,
  `description` varchar(255) DEFAULT NULL,
  `img_url` varchar(255) DEFAULT NULL,
  `name` varchar(255) NOT NULL,
  `phan_tram_giam` int NOT NULL,
  `price` int NOT NULL,
  `so_luong_con` int NOT NULL,
  `thong_so` varchar(255) DEFAULT NULL,
  `brand_id` bigint DEFAULT NULL,
  `category_id` bigint DEFAULT NULL,
  PRIMARY KEY (`id`),
  KEY `FKa3a4mpsfdf4d2y6r8ra3sc8mv` (`brand_id`),
  KEY `FKog2rp4qthbtt2lfyhfo32lsw9` (`category_id`),
  CONSTRAINT `FKa3a4mpsfdf4d2y6r8ra3sc8mv` FOREIGN KEY (`brand_id`) REFERENCES `brands` (`id`),
  CONSTRAINT `FKog2rp4qthbtt2lfyhfo32lsw9` FOREIGN KEY (`category_id`) REFERENCES `categories` (`id`),
  CONSTRAINT `products_chk_1` CHECK (((`price` >= 1000) and (`price` <= 1000000000))),
  CONSTRAINT `products_chk_2` CHECK (((`so_luong_con` >= 0) and (`so_luong_con` <= 9223372036854775807)))
) ENGINE=InnoDB AUTO_INCREMENT=278 DEFAULT CHARSET=utf8mb4 COLLATE=utf8mb4_0900_ai_ci;

-- Dumping data for table test.products: ~272 rows (approximately)
REPLACE INTO `products` (`id`, `da_an`, `description`, `img_url`, `name`, `phan_tram_giam`, `price`, `so_luong_con`, `thong_so`, `brand_id`, `category_id`) VALUES
	(1, b'1', 'Mô tả sản phẩm 3', 'storage/productImages/device (1).png', 'Product 1', 25, 7050000, 339, 'Thông số 1', 10, 8),
	(2, b'0', 'Mô tả sản phẩm 1', 'storage/productImages/device (2).png', 'Product 2', 37, 7703000, 540, 'Thông số 2', 6, 8),
	(3, b'0', 'Mô tả sản phẩm 2', 'storage/productImages/device (3).png', 'Product 3', 33, 3028000, 913, 'Thông số 1', 2, 10),
	(4, b'0', 'Mô tả sản phẩm 1', 'storage/productImages/device (4).png', 'Product 4', 6, 4840000, 835, 'Thông số 1', 9, 6),
	(5, b'1', 'Mô tả sản phẩm 2', 'storage/productImages/device (5).png', 'Product 5', 22, 4590000, 35, 'Thông số 3', 2, 1),
	(6, b'1', 'Mô tả sản phẩm 3', 'storage/productImages/device (6).png', 'Product 6', 5, 6881000, 727, 'Thông số 1', 5, 5),
	(7, b'1', 'Mô tả sản phẩm 3', 'storage/productImages/device (7).png', 'Product 7', 28, 118000, 884, 'Thông số 2', 4, 9),
	(8, b'0', 'Mô tả sản phẩm 3', 'storage/productImages/device (8).png', 'Product 8', 2, 3389000, 413, 'Thông số 2', 9, 7),
	(9, b'0', 'Mô tả sản phẩm 3', 'storage/productImages/device (9).png', 'Product 9', 35, 8864000, 538, 'Thông số 2', 2, 2),
	(10, b'1', 'Mô tả sản phẩm 1', 'storage/productImages/device (10).png', 'Product 10', 3, 8786000, 385, 'Thông số 3', 2, 1),
	(11, b'0', 'Mô tả sản phẩm 1', 'storage/productImages/device (11).png', 'Product 11', 25, 1969000, 369, 'Thông số 3', 7, 4),
	(12, b'1', 'Mô tả sản phẩm 3', 'storage/productImages/device (12).png', 'Product 12', 14, 4877000, 281, 'Thông số 3', 4, 9),
	(13, b'1', 'Mô tả sản phẩm 3', 'storage/productImages/device (13).png', 'Product 13', 21, 8526000, 757, 'Thông số 3', 7, 1),
	(14, b'0', 'Mô tả sản phẩm 1', 'storage/productImages/device (14).png', 'Product 14', 27, 7408000, 577, 'Thông số 2', 3, 10),
	(15, b'0', 'Mô tả sản phẩm 2', 'storage/productImages/device (15).png', 'Product 15', 29, 1610000, 491, 'Thông số 2', 4, 9),
	(16, b'0', 'Mô tả sản phẩm 1', 'storage/productImages/device (16).png', 'Product 16', 30, 2842000, 676, 'Thông số 3', 7, 4),
	(17, b'0', 'Mô tả sản phẩm 2', 'storage/productImages/device (17).png', 'Product 17', 8, 2282000, 431, 'Thông số 1', 6, 6),
	(18, b'0', 'Mô tả sản phẩm 2', 'storage/productImages/device (18).png', 'Product 18', 32, 1038000, 193, 'Thông số 3', 5, 8),
	(19, b'1', 'Mô tả sản phẩm 3', 'storage/productImages/device (19).png', 'Product 19', 28, 2283000, 343, 'Thông số 1', 1, 7),
	(20, b'1', 'Mô tả sản phẩm 2', 'storage/productImages/device (20).png', 'Product 20', 22, 6161000, 322, 'Thông số 1', 2, 3),
	(21, b'1', 'Mô tả sản phẩm 1', 'storage/productImages/device (21).png', 'Product 21', 23, 5266000, 253, 'Thông số 1', 7, 2),
	(22, b'1', 'Mô tả sản phẩm 3', 'storage/productImages/device (22).png', 'Product 22', 6, 2208000, 909, 'Thông số 2', 4, 5),
	(23, b'1', 'Mô tả sản phẩm 1', 'storage/productImages/device (23).png', 'Product 23', 1, 4338000, 0, 'Thông số 2', 4, 4),
	(24, b'0', 'Mô tả sản phẩm 2', 'storage/productImages/device (24).png', 'Product 24', 17, 4815000, 494, 'Thông số 1', 9, 4),
	(25, b'0', 'Mô tả sản phẩm 2', 'storage/productImages/device (25).png', 'Product 25', 0, 6768000, 547, 'Thông số 1', 10, 5),
	(26, b'1', 'Mô tả sản phẩm 1', 'storage/productImages/device (26).png', 'Product 26', 19, 6282000, 506, 'Thông số 1', 6, 8),
	(27, b'1', 'Mô tả sản phẩm 1', 'storage/productImages/device (27).png', 'Product 27', 17, 6209000, 451, 'Thông số 3', 8, 6),
	(28, b'0', 'Mô tả sản phẩm 2', 'storage/productImages/device (28).png', 'Product 28', 3, 8406000, 773, 'Thông số 1', 10, 6),
	(29, b'0', 'Mô tả sản phẩm 1', 'storage/productImages/device (29).png', 'Product 29', 4, 1114000, 532, 'Thông số 2', 6, 6),
	(30, b'0', 'Mô tả sản phẩm 1', 'storage/productImages/device (30).png', 'Product 30', 9, 1824000, 227, 'Thông số 3', 10, 3),
	(31, b'1', 'Mô tả sản phẩm 3', 'storage/productImages/device (31).png', 'Product 31', 8, 2582000, 819, 'Thông số 2', 1, 4),
	(32, b'0', 'Mô tả sản phẩm 3', 'storage/productImages/device (32).png', 'Product 32', 10, 708000, 802, 'Thông số 1', 10, 4),
	(33, b'1', 'Mô tả sản phẩm 1', 'storage/productImages/device (33).png', 'Product 33', 2, 2730000, 260, 'Thông số 2', 7, 3),
	(34, b'1', 'Mô tả sản phẩm 1', 'storage/productImages/device (34).png', 'Product 34', 4, 1550000, 509, 'Thông số 2', 8, 4),
	(35, b'1', 'Mô tả sản phẩm 3', 'storage/productImages/device (35).png', 'Product 35', 17, 884000, 541, 'Thông số 3', 1, 4),
	(36, b'1', 'Mô tả sản phẩm 1', 'storage/productImages/device (36).png', 'Product 36', 24, 307000, 162, 'Thông số 2', 1, 9),
	(37, b'0', 'Mô tả sản phẩm 3', 'storage/productImages/device (37).png', 'Product 37', 28, 4654000, 968, 'Thông số 2', 10, 2),
	(38, b'1', 'Mô tả sản phẩm 3', 'storage/productImages/device (38).png', 'Product 38', 26, 8112000, 804, 'Thông số 2', 4, 4),
	(39, b'0', 'Mô tả sản phẩm 1', 'storage/productImages/device (39).png', 'Product 39', 9, 2662000, 796, 'Thông số 1', 3, 2),
	(40, b'0', 'Mô tả sản phẩm 2', 'storage/productImages/device (40).png', 'Product 40', 33, 7633000, 768, 'Thông số 1', 1, 4),
	(41, b'0', 'Mô tả sản phẩm 1', 'storage/productImages/device (41).png', 'Product 41', 14, 2753000, 564, 'Thông số 2', 3, 6),
	(42, b'1', 'Mô tả sản phẩm 2', 'storage/productImages/device (42).png', 'Product 42', 21, 1538000, 955, 'Thông số 1', 7, 5),
	(43, b'0', 'Mô tả sản phẩm 3', 'storage/productImages/device (43).png', 'Product 43', 35, 5946000, 301, 'Thông số 2', 7, 6),
	(44, b'1', 'Mô tả sản phẩm 3', 'storage/productImages/device (44).png', 'Product 44', 3, 1432000, 385, 'Thông số 3', 3, 10),
	(45, b'1', 'Mô tả sản phẩm 2', 'storage/productImages/device (45).png', 'Product 45', 6, 8918000, 179, 'Thông số 2', 4, 10),
	(46, b'0', 'Mô tả sản phẩm 2', 'storage/productImages/device (46).png', 'Product 46', 2, 728000, 599, 'Thông số 2', 5, 7),
	(47, b'0', 'Mô tả sản phẩm 3', 'storage/productImages/device (47).png', 'Product 47', 21, 539000, 875, 'Thông số 2', 7, 8),
	(48, b'1', 'Mô tả sản phẩm 1', 'storage/productImages/device (48).png', 'Product 48', 0, 5870000, 200, 'Thông số 2', 7, 9),
	(49, b'1', 'Mô tả sản phẩm 1', 'storage/productImages/device (49).png', 'Product 49', 14, 5035000, 394, 'Thông số 1', 5, 6),
	(50, b'1', 'Mô tả sản phẩm 1', 'storage/productImages/device (50).png', 'Product 50', 28, 494000, 243, 'Thông số 2', 10, 9),
	(51, b'1', 'Mô tả sản phẩm 2', 'storage/productImages/device (51).png', 'Product 51', 0, 4948000, 851, 'Thông số 3', 6, 10),
	(52, b'1', 'Mô tả sản phẩm 2', 'storage/productImages/device (52).png', 'Product 52', 36, 8541000, 682, 'Thông số 3', 7, 9),
	(53, b'1', 'Mô tả sản phẩm 3', 'storage/productImages/device (53).png', 'Product 53', 19, 803000, 804, 'Thông số 2', 8, 8),
	(54, b'0', 'Mô tả sản phẩm 3', 'storage/productImages/device (54).png', 'Product 54', 16, 4360000, 723, 'Thông số 3', 7, 4),
	(55, b'1', 'Mô tả sản phẩm 2', 'storage/productImages/device (55).png', 'Product 55', 11, 5195000, 312, 'Thông số 1', 4, 10),
	(56, b'1', 'Mô tả sản phẩm 1', 'storage/productImages/device (56).png', 'Product 56', 13, 2587000, 331, 'Thông số 3', 6, 8),
	(57, b'1', 'Mô tả sản phẩm 1', 'storage/productImages/device (57).png', 'Product 57', 16, 7450000, 925, 'Thông số 1', 4, 5),
	(58, b'0', 'Mô tả sản phẩm 3', 'storage/productImages/device (58).png', 'Product 58', 17, 4906000, 397, 'Thông số 3', 10, 5),
	(59, b'1', 'Mô tả sản phẩm 1', 'storage/productImages/device (59).png', 'Product 59', 16, 7251000, 823, 'Thông số 1', 1, 1),
	(60, b'0', 'Mô tả sản phẩm 1', 'storage/productImages/device (60).png', 'Product 60', 29, 947000, 822, 'Thông số 3', 4, 8),
	(61, b'0', 'Mô tả sản phẩm 1', 'storage/productImages/device (61).png', 'Product 61', 10, 5707000, 963, 'Thông số 1', 6, 1),
	(62, b'0', 'Mô tả sản phẩm 3', 'storage/productImages/device (62).png', 'Product 62', 5, 8521000, 2, 'Thông số 1', 3, 1),
	(63, b'0', 'Mô tả sản phẩm 2', 'storage/productImages/device (63).png', 'Product 63', 36, 2472000, 44, 'Thông số 2', 7, 6),
	(64, b'0', 'Mô tả sản phẩm 3', 'storage/productImages/device (64).png', 'Product 64', 0, 7952000, 399, 'Thông số 3', 1, 5),
	(65, b'1', 'Mô tả sản phẩm 2', 'storage/productImages/device (65).png', 'Product 65', 5, 5452000, 319, 'Thông số 2', 6, 10),
	(66, b'0', 'Mô tả sản phẩm 2', 'storage/productImages/device (66).png', 'Product 66', 30, 6103000, 617, 'Thông số 3', 4, 6),
	(67, b'0', 'Mô tả sản phẩm 1', 'storage/productImages/device (67).png', 'Product 67', 26, 5902000, 186, 'Thông số 3', 9, 2),
	(68, b'1', 'Mô tả sản phẩm 1', 'storage/productImages/device (68).png', 'Product 68', 12, 8600000, 491, 'Thông số 1', 8, 5),
	(69, b'1', 'Mô tả sản phẩm 3', 'storage/productImages/device (69).png', 'Product 69', 4, 6424000, 808, 'Thông số 2', 4, 9),
	(70, b'1', 'Mô tả sản phẩm 3', 'storage/productImages/device (70).png', 'Product 70', 0, 361000, 683, 'Thông số 3', 10, 8),
	(71, b'1', 'Mô tả sản phẩm 3', 'storage/productImages/device (71).png', 'Product 71', 32, 7568000, 837, 'Thông số 1', 3, 2),
	(72, b'0', 'Mô tả sản phẩm 2', 'storage/productImages/device (72).png', 'Product 72', 34, 4086000, 206, 'Thông số 3', 9, 9),
	(73, b'1', 'Mô tả sản phẩm 2', 'storage/productImages/device (73).png', 'Product 73', 4, 2963000, 599, 'Thông số 1', 6, 1),
	(74, b'1', 'Mô tả sản phẩm 1', 'storage/productImages/device (74).png', 'Product 74', 1, 6579000, 967, 'Thông số 1', 7, 5),
	(75, b'0', 'Mô tả sản phẩm 3', 'storage/productImages/device (75).png', 'Product 75', 39, 5652000, 794, 'Thông số 3', 9, 3),
	(76, b'0', 'Mô tả sản phẩm 1', 'storage/productImages/device (76).png', 'Product 76', 25, 5742000, 363, 'Thông số 3', 4, 1),
	(77, b'1', 'Mô tả sản phẩm 1', 'storage/productImages/device (77).png', 'Product 77', 1, 4713000, 395, 'Thông số 1', 8, 6),
	(78, b'1', 'Mô tả sản phẩm 2', 'storage/productImages/device (78).png', 'Product 78', 2, 6754000, 343, 'Thông số 2', 1, 1),
	(79, b'1', 'Mô tả sản phẩm 1', 'storage/productImages/device (79).png', 'Product 79', 6, 5053000, 725, 'Thông số 3', 8, 1),
	(80, b'1', 'Mô tả sản phẩm 3', 'storage/productImages/device (80).png', 'Product 80', 11, 3756000, 335, 'Thông số 2', 2, 9),
	(81, b'1', 'Mô tả sản phẩm 3', 'storage/productImages/device (81).png', 'Product 81', 22, 4454000, 870, 'Thông số 1', 5, 10),
	(82, b'0', 'Mô tả sản phẩm 3', 'storage/productImages/device (82).png', 'Product 82', 2, 1072000, 214, 'Thông số 2', 1, 3),
	(83, b'1', 'Mô tả sản phẩm 2', 'storage/productImages/device (83).png', 'Product 83', 23, 423000, 97, 'Thông số 2', 4, 2),
	(84, b'0', 'Mô tả sản phẩm 2', 'storage/productImages/device (84).png', 'Product 84', 37, 5995000, 309, 'Thông số 3', 7, 6),
	(85, b'1', 'Mô tả sản phẩm 3', 'storage/productImages/device (85).png', 'Product 85', 16, 5846000, 580, 'Thông số 3', 3, 8),
	(86, b'1', 'Mô tả sản phẩm 2', 'storage/productImages/device (86).png', 'Product 86', 35, 58000, 68, 'Thông số 3', 1, 9),
	(87, b'1', 'Mô tả sản phẩm 1', 'storage/productImages/device (87).png', 'Product 87', 15, 8246000, 683, 'Thông số 3', 5, 9),
	(88, b'1', 'Mô tả sản phẩm 1', 'storage/productImages/device (88).png', 'Product 88', 27, 5041000, 417, 'Thông số 3', 3, 5),
	(89, b'1', 'Mô tả sản phẩm 1', 'storage/productImages/device (89).png', 'Product 89', 34, 2005000, 314, 'Thông số 1', 9, 2),
	(90, b'0', 'Mô tả sản phẩm 3', 'storage/productImages/device (90).png', 'Product 90', 10, 1301000, 289, 'Thông số 2', 9, 10),
	(91, b'0', 'Mô tả sản phẩm 3', 'storage/productImages/device (91).png', 'Product 91', 33, 6086000, 102, 'Thông số 3', 4, 5),
	(92, b'1', 'Mô tả sản phẩm 1', 'storage/productImages/device (92).png', 'Product 92', 16, 8953000, 937, 'Thông số 2', 7, 4),
	(93, b'0', 'Mô tả sản phẩm 1', 'storage/productImages/device (93).png', 'Product 93', 34, 2879000, 251, 'Thông số 2', 7, 6),
	(94, b'1', 'Mô tả sản phẩm 1', 'storage/productImages/device (94).png', 'Product 94', 35, 5843000, 483, 'Thông số 3', 10, 10),
	(95, b'0', 'Mô tả sản phẩm 3', 'storage/productImages/device (95).png', 'Product 95', 26, 6643000, 998, 'Thông số 1', 7, 6),
	(96, b'1', 'Mô tả sản phẩm 3', 'storage/productImages/device (96).png', 'Product 96', 1, 1319000, 238, 'Thông số 1', 1, 9),
	(97, b'1', 'Mô tả sản phẩm 1', 'storage/productImages/device (97).png', 'Product 97', 17, 3920000, 348, 'Thông số 1', 3, 1),
	(98, b'0', 'Mô tả sản phẩm 1', 'storage/productImages/device (98).png', 'Product 98', 9, 626000, 350, 'Thông số 2', 8, 5),
	(99, b'1', 'Mô tả sản phẩm 2', 'storage/productImages/device (99).png', 'Product 99', 14, 2458000, 961, 'Thông số 2', 8, 10),
	(100, b'0', 'Mô tả sản phẩm 2', 'storage/productImages/device (100).png', 'Product 100', 9, 503000, 687, 'Thông số 1', 7, 8),
	(101, b'0', 'Mô tả sản phẩm 2', 'storage/productImages/device (101).png', 'Product 101', 22, 7260000, 753, 'Thông số 3', 10, 6),
	(102, b'0', 'Mô tả sản phẩm 3', 'storage/productImages/device (102).png', 'Product 102', 17, 180000, 813, 'Thông số 2', 3, 6),
	(103, b'0', 'Mô tả sản phẩm 3', 'storage/productImages/device (103).png', 'Product 103', 0, 7829000, 313, 'Thông số 3', 6, 2),
	(104, b'1', 'Mô tả sản phẩm 1', 'storage/productImages/device (104).png', 'Product 104', 14, 5285000, 173, 'Thông số 3', 9, 6),
	(105, b'1', 'Mô tả sản phẩm 2', 'storage/productImages/device (105).png', 'Product 105', 3, 3255000, 685, 'Thông số 3', 4, 3),
	(106, b'0', 'Mô tả sản phẩm 1', 'storage/productImages/device (106).png', 'Product 106', 30, 7263000, 12, 'Thông số 3', 10, 9),
	(107, b'1', 'Mô tả sản phẩm 2', 'storage/productImages/device (107).png', 'Product 107', 5, 4201000, 114, 'Thông số 2', 5, 2),
	(108, b'1', 'Mô tả sản phẩm 2', 'storage/productImages/device (108).png', 'Product 108', 1, 7421000, 191, 'Thông số 1', 3, 8),
	(109, b'1', 'Mô tả sản phẩm 3', 'storage/productImages/device (109).png', 'Product 109', 29, 8222000, 997, 'Thông số 3', 5, 6),
	(110, b'0', 'Mô tả sản phẩm 3', 'storage/productImages/device (110).png', 'Product 110', 13, 2021000, 377, 'Thông số 2', 9, 9),
	(111, b'1', 'Mô tả sản phẩm 1', 'storage/productImages/device (111).png', 'Product 111', 33, 1834000, 865, 'Thông số 2', 7, 2),
	(112, b'0', 'Mô tả sản phẩm 3', 'storage/productImages/device (112).png', 'Product 112', 1, 171000, 711, 'Thông số 1', 6, 10),
	(113, b'0', 'Mô tả sản phẩm 2', 'storage/productImages/device (113).png', 'Product 113', 8, 3259000, 660, 'Thông số 3', 3, 2),
	(114, b'0', 'Mô tả sản phẩm 2', 'storage/productImages/device (114).png', 'Product 114', 18, 5764000, 245, 'Thông số 1', 8, 4),
	(115, b'1', 'Mô tả sản phẩm 2', 'storage/productImages/device (115).png', 'Product 115', 39, 4404000, 345, 'Thông số 1', 5, 1),
	(116, b'1', 'Mô tả sản phẩm 2', 'storage/productImages/device (116).png', 'Product 116', 32, 283000, 841, 'Thông số 2', 7, 6),
	(117, b'1', 'Mô tả sản phẩm 3', 'storage/productImages/device (117).png', 'Product 117', 23, 8675000, 358, 'Thông số 3', 10, 5),
	(118, b'1', 'Mô tả sản phẩm 3', 'storage/productImages/device (118).png', 'Product 118', 17, 1191000, 534, 'Thông số 1', 7, 2),
	(119, b'1', 'Mô tả sản phẩm 2', 'storage/productImages/device (119).png', 'Product 119', 4, 8356000, 767, 'Thông số 1', 1, 10),
	(120, b'0', 'Mô tả sản phẩm 2', 'storage/productImages/device (120).png', 'Product 120', 35, 1354000, 882, 'Thông số 2', 4, 3),
	(121, b'0', 'Mô tả sản phẩm 3', 'storage/productImages/device (121).png', 'Product 121', 23, 8666000, 233, 'Thông số 3', 1, 6),
	(122, b'1', 'Mô tả sản phẩm 1', 'storage/productImages/device (122).png', 'Product 122', 29, 8761000, 176, 'Thông số 3', 3, 2),
	(123, b'1', 'Mô tả sản phẩm 2', 'storage/productImages/device (123).png', 'Product 123', 20, 8956000, 455, 'Thông số 2', 3, 3),
	(124, b'1', 'Mô tả sản phẩm 3', 'storage/productImages/device (124).png', 'Product 124', 13, 2586000, 325, 'Thông số 2', 7, 7),
	(125, b'1', 'Mô tả sản phẩm 1', 'storage/productImages/device (125).png', 'Product 125', 11, 1021000, 318, 'Thông số 3', 9, 6),
	(126, b'1', 'Mô tả sản phẩm 2', 'storage/productImages/device (126).png', 'Product 126', 11, 4176000, 246, 'Thông số 1', 10, 5),
	(127, b'0', 'Mô tả sản phẩm 2', 'storage/productImages/device (127).png', 'Product 127', 10, 2457000, 668, 'Thông số 1', 4, 2),
	(128, b'1', 'Mô tả sản phẩm 3', 'storage/productImages/device (128).png', 'Product 128', 27, 4928000, 143, 'Thông số 1', 10, 8),
	(129, b'1', 'Mô tả sản phẩm 1', 'storage/productImages/device (129).png', 'Product 129', 16, 3486000, 732, 'Thông số 1', 2, 10),
	(130, b'0', 'Mô tả sản phẩm 1', 'storage/productImages/device (130).png', 'Product 130', 14, 7863000, 757, 'Thông số 3', 10, 3),
	(131, b'0', 'Mô tả sản phẩm 3', 'storage/productImages/device (131).png', 'Product 131', 19, 8183000, 842, 'Thông số 2', 4, 6),
	(132, b'0', 'Mô tả sản phẩm 3', 'storage/productImages/device (132).png', 'Product 132', 1, 3720000, 724, 'Thông số 3', 1, 8),
	(133, b'0', 'Mô tả sản phẩm 3', 'storage/productImages/device (133).png', 'Product 133', 34, 3570000, 68, 'Thông số 3', 6, 3),
	(134, b'0', 'Mô tả sản phẩm 1', 'storage/productImages/device (134).png', 'Product 134', 11, 3945000, 952, 'Thông số 1', 4, 4),
	(135, b'1', 'Mô tả sản phẩm 1', 'storage/productImages/device (135).png', 'Product 135', 27, 5203000, 846, 'Thông số 3', 5, 3),
	(136, b'0', 'Mô tả sản phẩm 2', 'storage/productImages/device (136).png', 'Product 136', 35, 5902000, 687, 'Thông số 3', 7, 3),
	(137, b'1', 'Mô tả sản phẩm 3', 'storage/productImages/device (137).png', 'Product 137', 21, 6000, 677, 'Thông số 2', 5, 2),
	(138, b'1', 'Mô tả sản phẩm 2', 'storage/productImages/device (138).png', 'Product 138', 30, 7388000, 748, 'Thông số 1', 8, 9),
	(139, b'0', 'Mô tả sản phẩm 1', 'storage/productImages/device (139).png', 'Product 139', 5, 4871000, 892, 'Thông số 3', 1, 2),
	(140, b'1', 'Mô tả sản phẩm 1', 'storage/productImages/device (140).png', 'Product 140', 28, 7735000, 165, 'Thông số 2', 3, 5),
	(141, b'1', 'Mô tả sản phẩm 2', 'storage/productImages/device (141).png', 'Product 141', 4, 6180000, 497, 'Thông số 3', 7, 2),
	(142, b'0', 'Mô tả sản phẩm 2', 'storage/productImages/device (142).png', 'Product 142', 26, 8267000, 253, 'Thông số 3', 5, 2),
	(143, b'1', 'Mô tả sản phẩm 2', 'storage/productImages/device (143).png', 'Product 143', 38, 8833000, 111, 'Thông số 1', 4, 1),
	(144, b'1', 'Mô tả sản phẩm 1', 'storage/productImages/device (144).png', 'Product 144', 32, 245000, 201, 'Thông số 3', 3, 2),
	(145, b'1', 'Mô tả sản phẩm 2', 'storage/productImages/device (145).png', 'Product 145', 4, 3346000, 348, 'Thông số 3', 5, 10),
	(146, b'0', 'Mô tả sản phẩm 3', 'storage/productImages/device (146).png', 'Product 146', 4, 8626000, 205, 'Thông số 3', 5, 8),
	(147, b'1', 'Mô tả sản phẩm 3', 'storage/productImages/device (147).png', 'Product 147', 26, 3371000, 492, 'Thông số 3', 9, 2),
	(148, b'1', 'Mô tả sản phẩm 2', 'storage/productImages/device (148).png', 'Product 148', 13, 5077000, 151, 'Thông số 3', 1, 10),
	(149, b'0', 'Mô tả sản phẩm 1', 'storage/productImages/device (149).png', 'Product 149', 0, 3498000, 859, 'Thông số 1', 4, 1),
	(150, b'0', 'Mô tả sản phẩm 3', 'storage/productImages/device (150).png', 'Product 150', 24, 2645000, 963, 'Thông số 3', 2, 2),
	(151, b'1', 'Mô tả sản phẩm 1', 'storage/productImages/device (151).png', 'Product 151', 28, 3331000, 70, 'Thông số 2', 7, 8),
	(152, b'0', 'Mô tả sản phẩm 3', 'storage/productImages/device (152).png', 'Product 152', 29, 3604000, 893, 'Thông số 2', 9, 1),
	(153, b'0', 'Mô tả sản phẩm 1', 'storage/productImages/device (153).png', 'Product 153', 5, 1162000, 841, 'Thông số 1', 1, 5),
	(154, b'1', 'Mô tả sản phẩm 2', 'storage/productImages/device (154).png', 'Product 154', 18, 8096000, 345, 'Thông số 1', 6, 9),
	(155, b'1', 'Mô tả sản phẩm 1', 'storage/productImages/device (155).png', 'Product 155', 17, 6387000, 946, 'Thông số 1', 6, 4),
	(156, b'1', 'Mô tả sản phẩm 1', 'storage/productImages/device (156).png', 'Product 156', 21, 4420000, 340, 'Thông số 3', 9, 3),
	(157, b'0', 'Mô tả sản phẩm 3', 'storage/productImages/device (157).png', 'Product 157', 7, 6772000, 235, 'Thông số 2', 8, 3),
	(158, b'0', 'Mô tả sản phẩm 1', 'storage/productImages/device (158).png', 'Product 158', 5, 3519000, 675, 'Thông số 3', 3, 10),
	(159, b'0', 'Mô tả sản phẩm 1', 'storage/productImages/device (159).png', 'Product 159', 13, 2721000, 499, 'Thông số 2', 10, 2),
	(160, b'1', 'Mô tả sản phẩm 1', 'storage/productImages/device (160).png', 'Product 160', 0, 1475000, 890, 'Thông số 1', 4, 2),
	(161, b'0', 'Mô tả sản phẩm 2', 'storage/productImages/device (161).png', 'Product 161', 17, 2854000, 165, 'Thông số 1', 3, 3),
	(162, b'0', 'Mô tả sản phẩm 1', 'storage/productImages/device (162).png', 'Product 162', 13, 4038000, 798, 'Thông số 1', 8, 2),
	(163, b'0', 'Mô tả sản phẩm 1', 'storage/productImages/device (163).png', 'Product 163', 27, 4615000, 262, 'Thông số 2', 7, 2),
	(164, b'0', 'Mô tả sản phẩm 3', 'storage/productImages/device (164).png', 'Product 164', 19, 4395000, 987, 'Thông số 1', 2, 1),
	(165, b'1', 'Mô tả sản phẩm 2', 'storage/productImages/device (165).png', 'Product 165', 16, 2978000, 138, 'Thông số 2', 2, 5),
	(166, b'1', 'Mô tả sản phẩm 2', 'storage/productImages/device (166).png', 'Product 166', 32, 6377000, 526, 'Thông số 3', 2, 6),
	(167, b'0', 'Mô tả sản phẩm 2', 'storage/productImages/device (167).png', 'Product 167', 8, 7051000, 678, 'Thông số 2', 9, 7),
	(168, b'1', 'Mô tả sản phẩm 1', 'storage/productImages/device (168).png', 'Product 168', 34, 7098000, 35, 'Thông số 1', 1, 4),
	(169, b'0', 'Mô tả sản phẩm 2', 'storage/productImages/device (169).png', 'Product 169', 0, 2798000, 654, 'Thông số 2', 4, 8),
	(170, b'0', 'Mô tả sản phẩm 3', 'storage/productImages/device (170).png', 'Product 170', 32, 7388000, 358, 'Thông số 3', 9, 7),
	(171, b'1', 'Mô tả sản phẩm 1', 'storage/productImages/device (171).png', 'Product 171', 15, 7408000, 536, 'Thông số 1', 3, 1),
	(172, b'0', 'Mô tả sản phẩm 1', 'storage/productImages/device (172).png', 'Product 172', 32, 6890000, 660, 'Thông số 1', 4, 3),
	(173, b'0', 'Mô tả sản phẩm 1', 'storage/productImages/device (173).png', 'Product 173', 12, 1045000, 86, 'Thông số 2', 10, 3),
	(174, b'0', 'Mô tả sản phẩm 3', 'storage/productImages/device (174).png', 'Product 174', 17, 5075000, 691, 'Thông số 3', 1, 8),
	(175, b'0', 'Mô tả sản phẩm 1', 'storage/productImages/device (175).png', 'Product 175', 30, 625000, 751, 'Thông số 3', 4, 3),
	(176, b'0', 'Mô tả sản phẩm 1', 'storage/productImages/device (176).png', 'Product 176', 26, 6857000, 101, 'Thông số 3', 9, 7),
	(177, b'1', 'Mô tả sản phẩm 2', 'storage/productImages/device (177).png', 'Product 177', 9, 6842000, 950, 'Thông số 3', 7, 8),
	(178, b'1', 'Mô tả sản phẩm 3', 'storage/productImages/device (178).png', 'Product 178', 9, 610000, 56, 'Thông số 1', 4, 3),
	(179, b'1', 'Mô tả sản phẩm 2', 'storage/productImages/device (179).png', 'Product 179', 31, 1180000, 472, 'Thông số 2', 3, 3),
	(180, b'0', 'Mô tả sản phẩm 1', 'storage/productImages/device (180).png', 'Product 180', 28, 7850000, 456, 'Thông số 1', 2, 3),
	(181, b'1', 'Mô tả sản phẩm 2', 'storage/productImages/device (181).png', 'Product 181', 19, 507000, 633, 'Thông số 2', 3, 1),
	(182, b'0', 'Mô tả sản phẩm 3', 'storage/productImages/device (182).png', 'Product 182', 10, 6125000, 329, 'Thông số 2', 8, 3),
	(183, b'0', 'Mô tả sản phẩm 2', 'storage/productImages/device (183).png', 'Product 183', 6, 812000, 182, 'Thông số 2', 1, 5),
	(184, b'1', 'Mô tả sản phẩm 1', 'storage/productImages/device (184).png', 'Product 184', 17, 4944000, 417, 'Thông số 3', 4, 3),
	(185, b'0', 'Mô tả sản phẩm 3', 'storage/productImages/device (185).png', 'Product 185', 38, 8251000, 700, 'Thông số 3', 6, 7),
	(186, b'1', 'Mô tả sản phẩm 3', 'storage/productImages/device (186).png', 'Product 186', 0, 2680000, 732, 'Thông số 3', 6, 6),
	(187, b'1', 'Mô tả sản phẩm 2', 'storage/productImages/device (187).png', 'Product 187', 16, 7605000, 590, 'Thông số 3', 1, 6),
	(188, b'0', 'Mô tả sản phẩm 1', 'storage/productImages/device (188).png', 'Product 188', 30, 505000, 589, 'Thông số 1', 3, 5),
	(189, b'0', 'Mô tả sản phẩm 2', 'storage/productImages/device (189).png', 'Product 189', 29, 5966000, 226, 'Thông số 1', 6, 2),
	(190, b'0', 'Mô tả sản phẩm 3', 'storage/productImages/device (190).png', 'Product 190', 33, 7247000, 850, 'Thông số 1', 2, 8),
	(191, b'1', 'Mô tả sản phẩm 2', 'storage/productImages/device (191).png', 'Product 191', 1, 691000, 588, 'Thông số 2', 2, 2),
	(192, b'1', 'Mô tả sản phẩm 2', 'storage/productImages/device (192).png', 'Product 192', 15, 4232000, 264, 'Thông số 1', 5, 4),
	(193, b'0', 'Mô tả sản phẩm 3', 'storage/productImages/device (193).png', 'Product 193', 20, 8376000, 600, 'Thông số 2', 1, 1),
	(194, b'0', 'Mô tả sản phẩm 3', 'storage/productImages/device (194).png', 'Product 194', 23, 4094000, 641, 'Thông số 2', 3, 4),
	(195, b'1', 'Mô tả sản phẩm 3', 'storage/productImages/device (195).png', 'Product 195', 21, 3897000, 219, 'Thông số 2', 10, 4),
	(196, b'0', 'Mô tả sản phẩm 1', 'storage/productImages/device (196).png', 'Product 196', 31, 4296000, 381, 'Thông số 3', 9, 8),
	(197, b'1', 'Mô tả sản phẩm 3', 'storage/productImages/device (197).png', 'Product 197', 33, 509000, 705, 'Thông số 3', 6, 8),
	(198, b'0', 'Mô tả sản phẩm 1', 'storage/productImages/device (198).png', 'Product 198', 22, 3722000, 677, 'Thông số 2', 3, 9),
	(199, b'0', 'Mô tả sản phẩm 2', 'storage/productImages/device (199).png', 'Product 199', 7, 6205000, 15, 'Thông số 1', 4, 5),
	(200, b'1', 'Mô tả sản phẩm 2', 'storage/productImages/device (200).png', 'Product 200', 27, 4871000, 424, 'Thông số 1', 1, 9),
	(201, b'1', 'Mô tả sản phẩm 1', 'storage/productImages/device (201).png', 'Product 201', 37, 5832000, 218, 'Thông số 1', 4, 3),
	(202, b'1', 'Mô tả sản phẩm 1', 'storage/productImages/device (202).png', 'Product 202', 27, 3789000, 794, 'Thông số 2', 4, 1),
	(203, b'0', 'Mô tả sản phẩm 1', 'storage/productImages/device (203).png', 'Product 203', 35, 2722000, 581, 'Thông số 2', 9, 9),
	(204, b'0', 'Mô tả sản phẩm 3', 'storage/productImages/device (204).png', 'Product 204', 14, 5632000, 374, 'Thông số 2', 1, 4),
	(205, b'1', 'Mô tả sản phẩm 3', 'storage/productImages/device (205).png', 'Product 205', 31, 7287000, 582, 'Thông số 3', 2, 5),
	(206, b'0', 'Mô tả sản phẩm 2', 'storage/productImages/device (206).png', 'Product 206', 10, 820000, 98, 'Thông số 3', 6, 8),
	(207, b'0', 'Mô tả sản phẩm 1', 'storage/productImages/device (207).png', 'Product 207', 23, 7412000, 953, 'Thông số 2', 3, 6),
	(208, b'0', 'Mô tả sản phẩm 3', 'storage/productImages/device (208).png', 'Product 208', 14, 1583000, 243, 'Thông số 2', 8, 6),
	(209, b'1', 'Mô tả sản phẩm 2', 'storage/productImages/device (209).png', 'Product 209', 33, 1293000, 618, 'Thông số 2', 10, 4),
	(210, b'1', 'Mô tả sản phẩm 1', 'storage/productImages/device (210).png', 'Product 210', 39, 3972000, 788, 'Thông số 3', 9, 3),
	(211, b'0', 'Mô tả sản phẩm 1', 'storage/productImages/device (211).png', 'Product 211', 29, 2119000, 206, 'Thông số 2', 6, 6),
	(212, b'1', 'Mô tả sản phẩm 1', 'storage/productImages/device (212).png', 'Product 212', 21, 4280000, 554, 'Thông số 2', 10, 5),
	(213, b'1', 'Mô tả sản phẩm 3', 'storage/productImages/device (213).png', 'Product 213', 0, 7878000, 530, 'Thông số 1', 2, 7),
	(214, b'1', 'Mô tả sản phẩm 1', 'storage/productImages/device (214).png', 'Product 214', 29, 3743000, 506, 'Thông số 2', 2, 6),
	(215, b'1', 'Mô tả sản phẩm 3', 'storage/productImages/device (215).png', 'Product 215', 18, 271000, 489, 'Thông số 3', 2, 10),
	(216, b'1', 'Mô tả sản phẩm 2', 'storage/productImages/device (216).png', 'Product 216', 31, 3430000, 464, 'Thông số 3', 7, 7),
	(217, b'1', 'Mô tả sản phẩm 3', 'storage/productImages/device (217).png', 'Product 217', 32, 1486000, 361, 'Thông số 3', 2, 4),
	(218, b'0', 'Mô tả sản phẩm 1', 'storage/productImages/device (218).png', 'Product 218', 9, 8402000, 624, 'Thông số 3', 4, 1),
	(219, b'1', 'Mô tả sản phẩm 3', 'storage/productImages/device (219).png', 'Product 219', 1, 824000, 949, 'Thông số 1', 4, 3),
	(220, b'0', 'Mô tả sản phẩm 1', 'storage/productImages/device (220).png', 'Product 220', 33, 4951000, 176, 'Thông số 2', 6, 3),
	(221, b'1', 'Mô tả sản phẩm 1', 'storage/productImages/device (221).png', 'Product 221', 28, 681000, 315, 'Thông số 2', 5, 1),
	(222, b'1', 'Mô tả sản phẩm 1', 'storage/productImages/device (222).png', 'Product 222', 15, 8354000, 659, 'Thông số 3', 7, 9),
	(223, b'0', 'Mô tả sản phẩm 3', 'storage/productImages/device (223).png', 'Product 223', 23, 774000, 791, 'Thông số 1', 8, 9),
	(224, b'0', 'Mô tả sản phẩm 3', 'storage/productImages/device (224).png', 'Product 224', 39, 8342000, 55, 'Thông số 1', 1, 3),
	(225, b'0', 'Mô tả sản phẩm 3', 'storage/productImages/device (225).png', 'Product 225', 1, 2812000, 597, 'Thông số 3', 2, 8),
	(226, b'1', 'Mô tả sản phẩm 1', 'storage/productImages/device (226).png', 'Product 226', 26, 7161000, 719, 'Thông số 3', 5, 3),
	(227, b'0', 'Mô tả sản phẩm 2', 'storage/productImages/device (227).png', 'Product 227', 16, 5373000, 522, 'Thông số 3', 2, 6),
	(228, b'1', 'Mô tả sản phẩm 1', 'storage/productImages/device (228).png', 'Product 228', 21, 4927000, 568, 'Thông số 1', 4, 2),
	(229, b'0', 'Mô tả sản phẩm 3', 'storage/productImages/device (229).png', 'Product 229', 27, 7697000, 227, 'Thông số 3', 4, 7),
	(230, b'1', 'Mô tả sản phẩm 3', 'storage/productImages/device (230).png', 'Product 230', 31, 3813000, 215, 'Thông số 3', 10, 7),
	(231, b'0', 'Mô tả sản phẩm 2', 'storage/productImages/device (231).png', 'Product 231', 23, 1098000, 35, 'Thông số 3', 3, 2),
	(232, b'0', 'Mô tả sản phẩm 1', 'storage/productImages/device (232).png', 'Product 232', 22, 3302000, 928, 'Thông số 3', 1, 8),
	(233, b'1', 'Mô tả sản phẩm 3', 'storage/productImages/device (233).png', 'Product 233', 5, 3277000, 488, 'Thông số 3', 9, 1),
	(234, b'0', 'Mô tả sản phẩm 2', 'storage/productImages/device (234).png', 'Product 234', 25, 6160000, 535, 'Thông số 2', 6, 1),
	(235, b'0', 'Mô tả sản phẩm 3', 'storage/productImages/device (235).png', 'Product 235', 33, 6247000, 933, 'Thông số 3', 7, 6),
	(236, b'1', 'Mô tả sản phẩm 2', 'storage/productImages/device (236).png', 'Product 236', 31, 2055000, 434, 'Thông số 3', 8, 1),
	(237, b'1', 'Mô tả sản phẩm 2', 'storage/productImages/device (237).png', 'Product 237', 36, 4804000, 184, 'Thông số 1', 5, 7),
	(238, b'0', 'Mô tả sản phẩm 3', 'storage/productImages/device (238).png', 'Product 238', 21, 1432000, 756, 'Thông số 3', 10, 4),
	(239, b'0', 'Mô tả sản phẩm 2', 'storage/productImages/device (239).png', 'Product 239', 18, 665000, 821, 'Thông số 1', 2, 9),
	(240, b'1', 'Mô tả sản phẩm 2', 'storage/productImages/device (240).png', 'Product 240', 11, 5047000, 643, 'Thông số 3', 8, 8),
	(241, b'0', 'Mô tả sản phẩm 2', 'storage/productImages/device (241).png', 'Product 241', 19, 7826000, 936, 'Thông số 1', 4, 10),
	(242, b'0', 'Mô tả sản phẩm 3', 'storage/productImages/device (242).png', 'Product 242', 23, 272000, 778, 'Thông số 1', 6, 8),
	(243, b'0', 'Mô tả sản phẩm 3', 'storage/productImages/device (243).png', 'Product 243', 6, 7204000, 7, 'Thông số 1', 10, 3),
	(244, b'1', 'Mô tả sản phẩm 2', 'storage/productImages/device (244).png', 'Product 244', 23, 7256000, 534, 'Thông số 1', 6, 9),
	(245, b'0', 'Mô tả sản phẩm 3', 'storage/productImages/device (245).png', 'Product 245', 15, 1067000, 932, 'Thông số 1', 9, 9),
	(246, b'1', 'Mô tả sản phẩm 3', 'storage/productImages/device (246).png', 'Product 246', 3, 3963000, 148, 'Thông số 2', 1, 3),
	(247, b'0', 'Mô tả sản phẩm 2', 'storage/productImages/device (247).png', 'Product 247', 0, 6772000, 221, 'Thông số 3', 4, 2),
	(248, b'0', 'Mô tả sản phẩm 2', 'storage/productImages/device (248).png', 'Product 248', 23, 1487000, 784, 'Thông số 1', 4, 1),
	(249, b'1', 'Mô tả sản phẩm 3', 'storage/productImages/device (249).png', 'Product 249', 20, 2156000, 775, 'Thông số 2', 8, 8),
	(250, b'0', 'Mô tả sản phẩm 3', 'storage/productImages/device (250).png', 'Product 250', 12, 7071000, 199, 'Thông số 3', 5, 4),
	(251, b'1', 'Mô tả sản phẩm 2', 'storage/productImages/device (251).png', 'Product 251', 4, 902000, 238, 'Thông số 3', 3, 1),
	(252, b'1', 'Mô tả sản phẩm 3', 'storage/productImages/device (252).png', 'Product 252', 7, 1696000, 109, 'Thông số 1', 2, 3),
	(253, b'1', 'Mô tả sản phẩm 2', 'storage/productImages/device (253).png', 'Product 253', 14, 8191000, 382, 'Thông số 3', 3, 7),
	(254, b'0', 'Mô tả sản phẩm 2', 'storage/productImages/device (254).png', 'Product 254', 39, 559000, 94, 'Thông số 3', 8, 4),
	(255, b'1', 'Mô tả sản phẩm 3', 'storage/productImages/device (255).png', 'Product 255', 8, 4772000, 316, 'Thông số 3', 4, 3),
	(256, b'1', 'Mô tả sản phẩm 1', 'storage/productImages/device (256).png', 'Product 256', 2, 879000, 360, 'Thông số 2', 6, 7),
	(257, b'0', 'Mô tả sản phẩm 2', 'storage/productImages/device (257).png', 'Product 257', 32, 6217000, 676, 'Thông số 3', 9, 9),
	(258, b'0', 'Mô tả sản phẩm 3', 'storage/productImages/device (258).png', 'Product 258', 31, 4494000, 614, 'Thông số 1', 5, 3),
	(259, b'1', 'Mô tả sản phẩm 2', 'storage/productImages/device (259).png', 'Product 259', 30, 8291000, 139, 'Thông số 2', 3, 2),
	(260, b'1', 'Mô tả sản phẩm 2', 'storage/productImages/device (260).png', 'Product 260', 5, 120000, 973, 'Thông số 1', 2, 5),
	(261, b'0', 'Mô tả sản phẩm 2', 'storage/productImages/device (261).png', 'Product 261', 31, 6535000, 275, 'Thông số 1', 4, 6),
	(262, b'0', 'Mô tả sản phẩm 1', 'storage/productImages/device (262).png', 'Product 262', 25, 2770000, 314, 'Thông số 2', 8, 7),
	(263, b'0', 'Mô tả sản phẩm 3', 'storage/productImages/device (263).png', 'Product 263', 2, 5280000, 880, 'Thông số 3', 7, 10),
	(264, b'0', 'Mô tả sản phẩm 2', 'storage/productImages/device (264).png', 'Product 264', 19, 7664000, 241, 'Thông số 1', 3, 3),
	(265, b'1', 'Mô tả sản phẩm 3', 'storage/productImages/device (265).png', 'Product 265', 6, 5155000, 455, 'Thông số 3', 4, 2),
	(266, b'0', 'Mô tả sản phẩm 3', 'storage/productImages/device (266).png', 'Product 266', 17, 6406000, 127, 'Thông số 3', 7, 9),
	(267, b'0', 'Mô tả sản phẩm 2', 'storage/productImages/device (267).png', 'Product 267', 2, 5525000, 271, 'Thông số 2', 1, 9),
	(268, b'1', 'Mô tả sản phẩm 3', 'storage/productImages/device (268).png', 'Product 268', 25, 1145000, 640, 'Thông số 1', 4, 8),
	(269, b'0', 'Mô tả sản phẩm 2', 'storage/productImages/device (269).png', 'Product 269', 2, 859000, 12, 'Thông số 1', 8, 10),
	(270, b'0', 'Mô tả sản phẩm 1', 'storage/productImages/device (270).png', 'Product 270', 26, 1926000, 928, 'Thông số 1', 2, 1),
	(271, b'1', 'Mô tả sản phẩm 1', 'storage/productImages/device (271).png', 'Product 271', 23, 4832000, 283, 'Thông số 2', 1, 2),
	(272, b'1', 'Mô tả sản phẩm 2', 'storage/productImages/device (272).png', 'Product 272', 35, 5976000, 741, 'Thông số 1', 5, 1),
	(273, b'0', 'cjjcjcjksk', 'storage/productImages/f811jgcw66Tke8QosfPwYUwR9T8mZ2DNRULd0Gad.jpg', 'san pham moi test', 0, 1232323, 123, NULL, 2, 8),
	(274, b'0', 'cjjcjcjksk', 'storage/productImages/f811jgcw66Tke8QosfPwYUwR9T8mZ2DNRULd0Gad.jpg', 'san pham moi test2', 0, 1232323, 123, NULL, 2, 8),
	(275, b'0', 'cjjcjcjksk', 'storage/productImages/f811jgcw66Tke8QosfPwYUwR9T8mZ2DNRULd0Gad.jpg', 'san pham moi test3', 0, 1232323, 123, NULL, 2, 8),
	(276, b'0', 'cjjcjcjksk', 'storage/productImages/f811jgcw66Tke8QosfPwYUwR9T8mZ2DNRULd0Gad.jpg', 'san pham moi test3', 0, 1232323, 123, NULL, 2, 8),
	(277, b'1', 'motạâjạa', 'storage/productImages/l4BylfYqU9VFKvDEAKON11IBTn3CL6qvQxIHq7vZ.png', 'san pham moi test3', 0, 1232323, 123, NULL, 2, 8);

-- Dumping structure for table test.product_image
DROP TABLE IF EXISTS `product_image`;
CREATE TABLE IF NOT EXISTS `product_image` (
  `id` bigint NOT NULL AUTO_INCREMENT,
  `img_url` varchar(255) DEFAULT NULL,
  `product_id` bigint DEFAULT NULL,
  PRIMARY KEY (`id`),
  KEY `FK1n91c4vdhw8pa4frngs4qbbvs` (`product_id`),
  CONSTRAINT `FK1n91c4vdhw8pa4frngs4qbbvs` FOREIGN KEY (`product_id`) REFERENCES `products` (`id`)
) ENGINE=InnoDB AUTO_INCREMENT=1105 DEFAULT CHARSET=utf8mb4 COLLATE=utf8mb4_0900_ai_ci;

-- Dumping data for table test.product_image: ~1,088 rows (approximately)
REPLACE INTO `product_image` (`id`, `img_url`, `product_id`) VALUES
	(1, 'storage/productImages/device (1).png', 1),
	(2, 'storage/productImages/device (2).png', 1),
	(3, 'storage/productImages/device (3).png', 1),
	(4, 'storage/productImages/device (4).png', 1),
	(5, 'storage/productImages/device (1).png', 2),
	(6, 'storage/productImages/device (2).png', 2),
	(7, 'storage/productImages/device (3).png', 2),
	(8, 'storage/productImages/device (4).png', 2),
	(9, 'storage/productImages/device (1).png', 3),
	(10, 'storage/productImages/device (2).png', 3),
	(11, 'storage/productImages/device (3).png', 3),
	(12, 'storage/productImages/device (4).png', 3),
	(13, 'storage/productImages/device (1).png', 4),
	(14, 'storage/productImages/device (2).png', 4),
	(15, 'storage/productImages/device (3).png', 4),
	(16, 'storage/productImages/device (4).png', 4),
	(17, 'storage/productImages/device (1).png', 5),
	(18, 'storage/productImages/device (2).png', 5),
	(19, 'storage/productImages/device (3).png', 5),
	(20, 'storage/productImages/device (4).png', 5),
	(21, 'storage/productImages/device (1).png', 6),
	(22, 'storage/productImages/device (2).png', 6),
	(23, 'storage/productImages/device (3).png', 6),
	(24, 'storage/productImages/device (4).png', 6),
	(25, 'storage/productImages/device (1).png', 7),
	(26, 'storage/productImages/device (2).png', 7),
	(27, 'storage/productImages/device (3).png', 7),
	(28, 'storage/productImages/device (4).png', 7),
	(29, 'storage/productImages/device (1).png', 8),
	(30, 'storage/productImages/device (2).png', 8),
	(31, 'storage/productImages/device (3).png', 8),
	(32, 'storage/productImages/device (4).png', 8),
	(33, 'storage/productImages/device (1).png', 9),
	(34, 'storage/productImages/device (2).png', 9),
	(35, 'storage/productImages/device (3).png', 9),
	(36, 'storage/productImages/device (4).png', 9),
	(37, 'storage/productImages/device (1).png', 10),
	(38, 'storage/productImages/device (2).png', 10),
	(39, 'storage/productImages/device (3).png', 10),
	(40, 'storage/productImages/device (4).png', 10),
	(41, 'storage/productImages/device (1).png', 11),
	(42, 'storage/productImages/device (2).png', 11),
	(43, 'storage/productImages/device (3).png', 11),
	(44, 'storage/productImages/device (4).png', 11),
	(45, 'storage/productImages/device (1).png', 12),
	(46, 'storage/productImages/device (2).png', 12),
	(47, 'storage/productImages/device (3).png', 12),
	(48, 'storage/productImages/device (4).png', 12),
	(49, 'storage/productImages/device (1).png', 13),
	(50, 'storage/productImages/device (2).png', 13),
	(51, 'storage/productImages/device (3).png', 13),
	(52, 'storage/productImages/device (4).png', 13),
	(53, 'storage/productImages/device (1).png', 14),
	(54, 'storage/productImages/device (2).png', 14),
	(55, 'storage/productImages/device (3).png', 14),
	(56, 'storage/productImages/device (4).png', 14),
	(57, 'storage/productImages/device (1).png', 15),
	(58, 'storage/productImages/device (2).png', 15),
	(59, 'storage/productImages/device (3).png', 15),
	(60, 'storage/productImages/device (4).png', 15),
	(61, 'storage/productImages/device (1).png', 16),
	(62, 'storage/productImages/device (2).png', 16),
	(63, 'storage/productImages/device (3).png', 16),
	(64, 'storage/productImages/device (4).png', 16),
	(65, 'storage/productImages/device (1).png', 17),
	(66, 'storage/productImages/device (2).png', 17),
	(67, 'storage/productImages/device (3).png', 17),
	(68, 'storage/productImages/device (4).png', 17),
	(69, 'storage/productImages/device (1).png', 18),
	(70, 'storage/productImages/device (2).png', 18),
	(71, 'storage/productImages/device (3).png', 18),
	(72, 'storage/productImages/device (4).png', 18),
	(73, 'storage/productImages/device (1).png', 19),
	(74, 'storage/productImages/device (2).png', 19),
	(75, 'storage/productImages/device (3).png', 19),
	(76, 'storage/productImages/device (4).png', 19),
	(77, 'storage/productImages/device (1).png', 20),
	(78, 'storage/productImages/device (2).png', 20),
	(79, 'storage/productImages/device (3).png', 20),
	(80, 'storage/productImages/device (4).png', 20),
	(81, 'storage/productImages/device (1).png', 21),
	(82, 'storage/productImages/device (2).png', 21),
	(83, 'storage/productImages/device (3).png', 21),
	(84, 'storage/productImages/device (4).png', 21),
	(85, 'storage/productImages/device (1).png', 22),
	(86, 'storage/productImages/device (2).png', 22),
	(87, 'storage/productImages/device (3).png', 22),
	(88, 'storage/productImages/device (4).png', 22),
	(89, 'storage/productImages/device (1).png', 23),
	(90, 'storage/productImages/device (2).png', 23),
	(91, 'storage/productImages/device (3).png', 23),
	(92, 'storage/productImages/device (4).png', 23),
	(93, 'storage/productImages/device (1).png', 24),
	(94, 'storage/productImages/device (2).png', 24),
	(95, 'storage/productImages/device (3).png', 24),
	(96, 'storage/productImages/device (4).png', 24),
	(97, 'storage/productImages/device (1).png', 25),
	(98, 'storage/productImages/device (2).png', 25),
	(99, 'storage/productImages/device (3).png', 25),
	(100, 'storage/productImages/device (4).png', 25),
	(101, 'storage/productImages/device (1).png', 26),
	(102, 'storage/productImages/device (2).png', 26),
	(103, 'storage/productImages/device (3).png', 26),
	(104, 'storage/productImages/device (4).png', 26),
	(105, 'storage/productImages/device (1).png', 27),
	(106, 'storage/productImages/device (2).png', 27),
	(107, 'storage/productImages/device (3).png', 27),
	(108, 'storage/productImages/device (4).png', 27),
	(109, 'storage/productImages/device (1).png', 28),
	(110, 'storage/productImages/device (2).png', 28),
	(111, 'storage/productImages/device (3).png', 28),
	(112, 'storage/productImages/device (4).png', 28),
	(113, 'storage/productImages/device (1).png', 29),
	(114, 'storage/productImages/device (2).png', 29),
	(115, 'storage/productImages/device (3).png', 29),
	(116, 'storage/productImages/device (4).png', 29),
	(117, 'storage/productImages/device (1).png', 30),
	(118, 'storage/productImages/device (2).png', 30),
	(119, 'storage/productImages/device (3).png', 30),
	(120, 'storage/productImages/device (4).png', 30),
	(121, 'storage/productImages/device (1).png', 31),
	(122, 'storage/productImages/device (2).png', 31),
	(123, 'storage/productImages/device (3).png', 31),
	(124, 'storage/productImages/device (4).png', 31),
	(125, 'storage/productImages/device (1).png', 32),
	(126, 'storage/productImages/device (2).png', 32),
	(127, 'storage/productImages/device (3).png', 32),
	(128, 'storage/productImages/device (4).png', 32),
	(129, 'storage/productImages/device (1).png', 33),
	(130, 'storage/productImages/device (2).png', 33),
	(131, 'storage/productImages/device (3).png', 33),
	(132, 'storage/productImages/device (4).png', 33),
	(133, 'storage/productImages/device (1).png', 34),
	(134, 'storage/productImages/device (2).png', 34),
	(135, 'storage/productImages/device (3).png', 34),
	(136, 'storage/productImages/device (4).png', 34),
	(137, 'storage/productImages/device (1).png', 35),
	(138, 'storage/productImages/device (2).png', 35),
	(139, 'storage/productImages/device (3).png', 35),
	(140, 'storage/productImages/device (4).png', 35),
	(141, 'storage/productImages/device (1).png', 36),
	(142, 'storage/productImages/device (2).png', 36),
	(143, 'storage/productImages/device (3).png', 36),
	(144, 'storage/productImages/device (4).png', 36),
	(145, 'storage/productImages/device (1).png', 37),
	(146, 'storage/productImages/device (2).png', 37),
	(147, 'storage/productImages/device (3).png', 37),
	(148, 'storage/productImages/device (4).png', 37),
	(149, 'storage/productImages/device (1).png', 38),
	(150, 'storage/productImages/device (2).png', 38),
	(151, 'storage/productImages/device (3).png', 38),
	(152, 'storage/productImages/device (4).png', 38),
	(153, 'storage/productImages/device (1).png', 39),
	(154, 'storage/productImages/device (2).png', 39),
	(155, 'storage/productImages/device (3).png', 39),
	(156, 'storage/productImages/device (4).png', 39),
	(157, 'storage/productImages/device (1).png', 40),
	(158, 'storage/productImages/device (2).png', 40),
	(159, 'storage/productImages/device (3).png', 40),
	(160, 'storage/productImages/device (4).png', 40),
	(161, 'storage/productImages/device (1).png', 41),
	(162, 'storage/productImages/device (2).png', 41),
	(163, 'storage/productImages/device (3).png', 41),
	(164, 'storage/productImages/device (4).png', 41),
	(165, 'storage/productImages/device (1).png', 42),
	(166, 'storage/productImages/device (2).png', 42),
	(167, 'storage/productImages/device (3).png', 42),
	(168, 'storage/productImages/device (4).png', 42),
	(169, 'storage/productImages/device (1).png', 43),
	(170, 'storage/productImages/device (2).png', 43),
	(171, 'storage/productImages/device (3).png', 43),
	(172, 'storage/productImages/device (4).png', 43),
	(173, 'storage/productImages/device (1).png', 44),
	(174, 'storage/productImages/device (2).png', 44),
	(175, 'storage/productImages/device (3).png', 44),
	(176, 'storage/productImages/device (4).png', 44),
	(177, 'storage/productImages/device (1).png', 45),
	(178, 'storage/productImages/device (2).png', 45),
	(179, 'storage/productImages/device (3).png', 45),
	(180, 'storage/productImages/device (4).png', 45),
	(181, 'storage/productImages/device (1).png', 46),
	(182, 'storage/productImages/device (2).png', 46),
	(183, 'storage/productImages/device (3).png', 46),
	(184, 'storage/productImages/device (4).png', 46),
	(185, 'storage/productImages/device (1).png', 47),
	(186, 'storage/productImages/device (2).png', 47),
	(187, 'storage/productImages/device (3).png', 47),
	(188, 'storage/productImages/device (4).png', 47),
	(189, 'storage/productImages/device (1).png', 48),
	(190, 'storage/productImages/device (2).png', 48),
	(191, 'storage/productImages/device (3).png', 48),
	(192, 'storage/productImages/device (4).png', 48),
	(193, 'storage/productImages/device (1).png', 49),
	(194, 'storage/productImages/device (2).png', 49),
	(195, 'storage/productImages/device (3).png', 49),
	(196, 'storage/productImages/device (4).png', 49),
	(197, 'storage/productImages/device (1).png', 50),
	(198, 'storage/productImages/device (2).png', 50),
	(199, 'storage/productImages/device (3).png', 50),
	(200, 'storage/productImages/device (4).png', 50),
	(201, 'storage/productImages/device (1).png', 51),
	(202, 'storage/productImages/device (2).png', 51),
	(203, 'storage/productImages/device (3).png', 51),
	(204, 'storage/productImages/device (4).png', 51),
	(205, 'storage/productImages/device (1).png', 52),
	(206, 'storage/productImages/device (2).png', 52),
	(207, 'storage/productImages/device (3).png', 52),
	(208, 'storage/productImages/device (4).png', 52),
	(209, 'storage/productImages/device (1).png', 53),
	(210, 'storage/productImages/device (2).png', 53),
	(211, 'storage/productImages/device (3).png', 53),
	(212, 'storage/productImages/device (4).png', 53),
	(213, 'storage/productImages/device (1).png', 54),
	(214, 'storage/productImages/device (2).png', 54),
	(215, 'storage/productImages/device (3).png', 54),
	(216, 'storage/productImages/device (4).png', 54),
	(217, 'storage/productImages/device (1).png', 55),
	(218, 'storage/productImages/device (2).png', 55),
	(219, 'storage/productImages/device (3).png', 55),
	(220, 'storage/productImages/device (4).png', 55),
	(221, 'storage/productImages/device (1).png', 56),
	(222, 'storage/productImages/device (2).png', 56),
	(223, 'storage/productImages/device (3).png', 56),
	(224, 'storage/productImages/device (4).png', 56),
	(225, 'storage/productImages/device (1).png', 57),
	(226, 'storage/productImages/device (2).png', 57),
	(227, 'storage/productImages/device (3).png', 57),
	(228, 'storage/productImages/device (4).png', 57),
	(229, 'storage/productImages/device (1).png', 58),
	(230, 'storage/productImages/device (2).png', 58),
	(231, 'storage/productImages/device (3).png', 58),
	(232, 'storage/productImages/device (4).png', 58),
	(233, 'storage/productImages/device (1).png', 59),
	(234, 'storage/productImages/device (2).png', 59),
	(235, 'storage/productImages/device (3).png', 59),
	(236, 'storage/productImages/device (4).png', 59),
	(237, 'storage/productImages/device (1).png', 60),
	(238, 'storage/productImages/device (2).png', 60),
	(239, 'storage/productImages/device (3).png', 60),
	(240, 'storage/productImages/device (4).png', 60),
	(241, 'storage/productImages/device (1).png', 61),
	(242, 'storage/productImages/device (2).png', 61),
	(243, 'storage/productImages/device (3).png', 61),
	(244, 'storage/productImages/device (4).png', 61),
	(245, 'storage/productImages/device (1).png', 62),
	(246, 'storage/productImages/device (2).png', 62),
	(247, 'storage/productImages/device (3).png', 62),
	(248, 'storage/productImages/device (4).png', 62),
	(249, 'storage/productImages/device (1).png', 63),
	(250, 'storage/productImages/device (2).png', 63),
	(251, 'storage/productImages/device (3).png', 63),
	(252, 'storage/productImages/device (4).png', 63),
	(253, 'storage/productImages/device (1).png', 64),
	(254, 'storage/productImages/device (2).png', 64),
	(255, 'storage/productImages/device (3).png', 64),
	(256, 'storage/productImages/device (4).png', 64),
	(257, 'storage/productImages/device (1).png', 65),
	(258, 'storage/productImages/device (2).png', 65),
	(259, 'storage/productImages/device (3).png', 65),
	(260, 'storage/productImages/device (4).png', 65),
	(261, 'storage/productImages/device (1).png', 66),
	(262, 'storage/productImages/device (2).png', 66),
	(263, 'storage/productImages/device (3).png', 66),
	(264, 'storage/productImages/device (4).png', 66),
	(265, 'storage/productImages/device (1).png', 67),
	(266, 'storage/productImages/device (2).png', 67),
	(267, 'storage/productImages/device (3).png', 67),
	(268, 'storage/productImages/device (4).png', 67),
	(269, 'storage/productImages/device (1).png', 68),
	(270, 'storage/productImages/device (2).png', 68),
	(271, 'storage/productImages/device (3).png', 68),
	(272, 'storage/productImages/device (4).png', 68),
	(273, 'storage/productImages/device (1).png', 69),
	(274, 'storage/productImages/device (2).png', 69),
	(275, 'storage/productImages/device (3).png', 69),
	(276, 'storage/productImages/device (4).png', 69),
	(277, 'storage/productImages/device (1).png', 70),
	(278, 'storage/productImages/device (2).png', 70),
	(279, 'storage/productImages/device (3).png', 70),
	(280, 'storage/productImages/device (4).png', 70),
	(281, 'storage/productImages/device (1).png', 71),
	(282, 'storage/productImages/device (2).png', 71),
	(283, 'storage/productImages/device (3).png', 71),
	(284, 'storage/productImages/device (4).png', 71),
	(285, 'storage/productImages/device (1).png', 72),
	(286, 'storage/productImages/device (2).png', 72),
	(287, 'storage/productImages/device (3).png', 72),
	(288, 'storage/productImages/device (4).png', 72),
	(289, 'storage/productImages/device (1).png', 73),
	(290, 'storage/productImages/device (2).png', 73),
	(291, 'storage/productImages/device (3).png', 73),
	(292, 'storage/productImages/device (4).png', 73),
	(293, 'storage/productImages/device (1).png', 74),
	(294, 'storage/productImages/device (2).png', 74),
	(295, 'storage/productImages/device (3).png', 74),
	(296, 'storage/productImages/device (4).png', 74),
	(297, 'storage/productImages/device (1).png', 75),
	(298, 'storage/productImages/device (2).png', 75),
	(299, 'storage/productImages/device (3).png', 75),
	(300, 'storage/productImages/device (4).png', 75),
	(301, 'storage/productImages/device (1).png', 76),
	(302, 'storage/productImages/device (2).png', 76),
	(303, 'storage/productImages/device (3).png', 76),
	(304, 'storage/productImages/device (4).png', 76),
	(305, 'storage/productImages/device (1).png', 77),
	(306, 'storage/productImages/device (2).png', 77),
	(307, 'storage/productImages/device (3).png', 77),
	(308, 'storage/productImages/device (4).png', 77),
	(309, 'storage/productImages/device (1).png', 78),
	(310, 'storage/productImages/device (2).png', 78),
	(311, 'storage/productImages/device (3).png', 78),
	(312, 'storage/productImages/device (4).png', 78),
	(313, 'storage/productImages/device (1).png', 79),
	(314, 'storage/productImages/device (2).png', 79),
	(315, 'storage/productImages/device (3).png', 79),
	(316, 'storage/productImages/device (4).png', 79),
	(317, 'storage/productImages/device (1).png', 80),
	(318, 'storage/productImages/device (2).png', 80),
	(319, 'storage/productImages/device (3).png', 80),
	(320, 'storage/productImages/device (4).png', 80),
	(321, 'storage/productImages/device (1).png', 81),
	(322, 'storage/productImages/device (2).png', 81),
	(323, 'storage/productImages/device (3).png', 81),
	(324, 'storage/productImages/device (4).png', 81),
	(325, 'storage/productImages/device (1).png', 82),
	(326, 'storage/productImages/device (2).png', 82),
	(327, 'storage/productImages/device (3).png', 82),
	(328, 'storage/productImages/device (4).png', 82),
	(329, 'storage/productImages/device (1).png', 83),
	(330, 'storage/productImages/device (2).png', 83),
	(331, 'storage/productImages/device (3).png', 83),
	(332, 'storage/productImages/device (4).png', 83),
	(333, 'storage/productImages/device (1).png', 84),
	(334, 'storage/productImages/device (2).png', 84),
	(335, 'storage/productImages/device (3).png', 84),
	(336, 'storage/productImages/device (4).png', 84),
	(337, 'storage/productImages/device (1).png', 85),
	(338, 'storage/productImages/device (2).png', 85),
	(339, 'storage/productImages/device (3).png', 85),
	(340, 'storage/productImages/device (4).png', 85),
	(341, 'storage/productImages/device (1).png', 86),
	(342, 'storage/productImages/device (2).png', 86),
	(343, 'storage/productImages/device (3).png', 86),
	(344, 'storage/productImages/device (4).png', 86),
	(345, 'storage/productImages/device (1).png', 87),
	(346, 'storage/productImages/device (2).png', 87),
	(347, 'storage/productImages/device (3).png', 87),
	(348, 'storage/productImages/device (4).png', 87),
	(349, 'storage/productImages/device (1).png', 88),
	(350, 'storage/productImages/device (2).png', 88),
	(351, 'storage/productImages/device (3).png', 88),
	(352, 'storage/productImages/device (4).png', 88),
	(353, 'storage/productImages/device (1).png', 89),
	(354, 'storage/productImages/device (2).png', 89),
	(355, 'storage/productImages/device (3).png', 89),
	(356, 'storage/productImages/device (4).png', 89),
	(357, 'storage/productImages/device (1).png', 90),
	(358, 'storage/productImages/device (2).png', 90),
	(359, 'storage/productImages/device (3).png', 90),
	(360, 'storage/productImages/device (4).png', 90),
	(361, 'storage/productImages/device (1).png', 91),
	(362, 'storage/productImages/device (2).png', 91),
	(363, 'storage/productImages/device (3).png', 91),
	(364, 'storage/productImages/device (4).png', 91),
	(365, 'storage/productImages/device (1).png', 92),
	(366, 'storage/productImages/device (2).png', 92),
	(367, 'storage/productImages/device (3).png', 92),
	(368, 'storage/productImages/device (4).png', 92),
	(369, 'storage/productImages/device (1).png', 93),
	(370, 'storage/productImages/device (2).png', 93),
	(371, 'storage/productImages/device (3).png', 93),
	(372, 'storage/productImages/device (4).png', 93),
	(373, 'storage/productImages/device (1).png', 94),
	(374, 'storage/productImages/device (2).png', 94),
	(375, 'storage/productImages/device (3).png', 94),
	(376, 'storage/productImages/device (4).png', 94),
	(377, 'storage/productImages/device (1).png', 95),
	(378, 'storage/productImages/device (2).png', 95),
	(379, 'storage/productImages/device (3).png', 95),
	(380, 'storage/productImages/device (4).png', 95),
	(381, 'storage/productImages/device (1).png', 96),
	(382, 'storage/productImages/device (2).png', 96),
	(383, 'storage/productImages/device (3).png', 96),
	(384, 'storage/productImages/device (4).png', 96),
	(385, 'storage/productImages/device (1).png', 97),
	(386, 'storage/productImages/device (2).png', 97),
	(387, 'storage/productImages/device (3).png', 97),
	(388, 'storage/productImages/device (4).png', 97),
	(389, 'storage/productImages/device (1).png', 98),
	(390, 'storage/productImages/device (2).png', 98),
	(391, 'storage/productImages/device (3).png', 98),
	(392, 'storage/productImages/device (4).png', 98),
	(393, 'storage/productImages/device (1).png', 99),
	(394, 'storage/productImages/device (2).png', 99),
	(395, 'storage/productImages/device (3).png', 99),
	(396, 'storage/productImages/device (4).png', 99),
	(397, 'storage/productImages/device (1).png', 100),
	(398, 'storage/productImages/device (2).png', 100),
	(399, 'storage/productImages/device (3).png', 100),
	(400, 'storage/productImages/device (4).png', 100),
	(401, 'storage/productImages/device (1).png', 101),
	(402, 'storage/productImages/device (2).png', 101),
	(403, 'storage/productImages/device (3).png', 101),
	(404, 'storage/productImages/device (4).png', 101),
	(405, 'storage/productImages/device (1).png', 102),
	(406, 'storage/productImages/device (2).png', 102),
	(407, 'storage/productImages/device (3).png', 102),
	(408, 'storage/productImages/device (4).png', 102),
	(409, 'storage/productImages/device (1).png', 103),
	(410, 'storage/productImages/device (2).png', 103),
	(411, 'storage/productImages/device (3).png', 103),
	(412, 'storage/productImages/device (4).png', 103),
	(413, 'storage/productImages/device (1).png', 104),
	(414, 'storage/productImages/device (2).png', 104),
	(415, 'storage/productImages/device (3).png', 104),
	(416, 'storage/productImages/device (4).png', 104),
	(417, 'storage/productImages/device (1).png', 105),
	(418, 'storage/productImages/device (2).png', 105),
	(419, 'storage/productImages/device (3).png', 105),
	(420, 'storage/productImages/device (4).png', 105),
	(421, 'storage/productImages/device (1).png', 106),
	(422, 'storage/productImages/device (2).png', 106),
	(423, 'storage/productImages/device (3).png', 106),
	(424, 'storage/productImages/device (4).png', 106),
	(425, 'storage/productImages/device (1).png', 107),
	(426, 'storage/productImages/device (2).png', 107),
	(427, 'storage/productImages/device (3).png', 107),
	(428, 'storage/productImages/device (4).png', 107),
	(429, 'storage/productImages/device (1).png', 108),
	(430, 'storage/productImages/device (2).png', 108),
	(431, 'storage/productImages/device (3).png', 108),
	(432, 'storage/productImages/device (4).png', 108),
	(433, 'storage/productImages/device (1).png', 109),
	(434, 'storage/productImages/device (2).png', 109),
	(435, 'storage/productImages/device (3).png', 109),
	(436, 'storage/productImages/device (4).png', 109),
	(437, 'storage/productImages/device (1).png', 110),
	(438, 'storage/productImages/device (2).png', 110),
	(439, 'storage/productImages/device (3).png', 110),
	(440, 'storage/productImages/device (4).png', 110),
	(441, 'storage/productImages/device (1).png', 111),
	(442, 'storage/productImages/device (2).png', 111),
	(443, 'storage/productImages/device (3).png', 111),
	(444, 'storage/productImages/device (4).png', 111),
	(445, 'storage/productImages/device (1).png', 112),
	(446, 'storage/productImages/device (2).png', 112),
	(447, 'storage/productImages/device (3).png', 112),
	(448, 'storage/productImages/device (4).png', 112),
	(449, 'storage/productImages/device (1).png', 113),
	(450, 'storage/productImages/device (2).png', 113),
	(451, 'storage/productImages/device (3).png', 113),
	(452, 'storage/productImages/device (4).png', 113),
	(453, 'storage/productImages/device (1).png', 114),
	(454, 'storage/productImages/device (2).png', 114),
	(455, 'storage/productImages/device (3).png', 114),
	(456, 'storage/productImages/device (4).png', 114),
	(457, 'storage/productImages/device (1).png', 115),
	(458, 'storage/productImages/device (2).png', 115),
	(459, 'storage/productImages/device (3).png', 115),
	(460, 'storage/productImages/device (4).png', 115),
	(461, 'storage/productImages/device (1).png', 116),
	(462, 'storage/productImages/device (2).png', 116),
	(463, 'storage/productImages/device (3).png', 116),
	(464, 'storage/productImages/device (4).png', 116),
	(465, 'storage/productImages/device (1).png', 117),
	(466, 'storage/productImages/device (2).png', 117),
	(467, 'storage/productImages/device (3).png', 117),
	(468, 'storage/productImages/device (4).png', 117),
	(469, 'storage/productImages/device (1).png', 118),
	(470, 'storage/productImages/device (2).png', 118),
	(471, 'storage/productImages/device (3).png', 118),
	(472, 'storage/productImages/device (4).png', 118),
	(473, 'storage/productImages/device (1).png', 119),
	(474, 'storage/productImages/device (2).png', 119),
	(475, 'storage/productImages/device (3).png', 119),
	(476, 'storage/productImages/device (4).png', 119),
	(477, 'storage/productImages/device (1).png', 120),
	(478, 'storage/productImages/device (2).png', 120),
	(479, 'storage/productImages/device (3).png', 120),
	(480, 'storage/productImages/device (4).png', 120),
	(481, 'storage/productImages/device (1).png', 121),
	(482, 'storage/productImages/device (2).png', 121),
	(483, 'storage/productImages/device (3).png', 121),
	(484, 'storage/productImages/device (4).png', 121),
	(485, 'storage/productImages/device (1).png', 122),
	(486, 'storage/productImages/device (2).png', 122),
	(487, 'storage/productImages/device (3).png', 122),
	(488, 'storage/productImages/device (4).png', 122),
	(489, 'storage/productImages/device (1).png', 123),
	(490, 'storage/productImages/device (2).png', 123),
	(491, 'storage/productImages/device (3).png', 123),
	(492, 'storage/productImages/device (4).png', 123),
	(493, 'storage/productImages/device (1).png', 124),
	(494, 'storage/productImages/device (2).png', 124),
	(495, 'storage/productImages/device (3).png', 124),
	(496, 'storage/productImages/device (4).png', 124),
	(497, 'storage/productImages/device (1).png', 125),
	(498, 'storage/productImages/device (2).png', 125),
	(499, 'storage/productImages/device (3).png', 125),
	(500, 'storage/productImages/device (4).png', 125),
	(501, 'storage/productImages/device (1).png', 126),
	(502, 'storage/productImages/device (2).png', 126),
	(503, 'storage/productImages/device (3).png', 126),
	(504, 'storage/productImages/device (4).png', 126),
	(505, 'storage/productImages/device (1).png', 127),
	(506, 'storage/productImages/device (2).png', 127),
	(507, 'storage/productImages/device (3).png', 127),
	(508, 'storage/productImages/device (4).png', 127),
	(509, 'storage/productImages/device (1).png', 128),
	(510, 'storage/productImages/device (2).png', 128),
	(511, 'storage/productImages/device (3).png', 128),
	(512, 'storage/productImages/device (4).png', 128),
	(513, 'storage/productImages/device (1).png', 129),
	(514, 'storage/productImages/device (2).png', 129),
	(515, 'storage/productImages/device (3).png', 129),
	(516, 'storage/productImages/device (4).png', 129),
	(517, 'storage/productImages/device (1).png', 130),
	(518, 'storage/productImages/device (2).png', 130),
	(519, 'storage/productImages/device (3).png', 130),
	(520, 'storage/productImages/device (4).png', 130),
	(521, 'storage/productImages/device (1).png', 131),
	(522, 'storage/productImages/device (2).png', 131),
	(523, 'storage/productImages/device (3).png', 131),
	(524, 'storage/productImages/device (4).png', 131),
	(525, 'storage/productImages/device (1).png', 132),
	(526, 'storage/productImages/device (2).png', 132),
	(527, 'storage/productImages/device (3).png', 132),
	(528, 'storage/productImages/device (4).png', 132),
	(529, 'storage/productImages/device (1).png', 133),
	(530, 'storage/productImages/device (2).png', 133),
	(531, 'storage/productImages/device (3).png', 133),
	(532, 'storage/productImages/device (4).png', 133),
	(533, 'storage/productImages/device (1).png', 134),
	(534, 'storage/productImages/device (2).png', 134),
	(535, 'storage/productImages/device (3).png', 134),
	(536, 'storage/productImages/device (4).png', 134),
	(537, 'storage/productImages/device (1).png', 135),
	(538, 'storage/productImages/device (2).png', 135),
	(539, 'storage/productImages/device (3).png', 135),
	(540, 'storage/productImages/device (4).png', 135),
	(541, 'storage/productImages/device (1).png', 136),
	(542, 'storage/productImages/device (2).png', 136),
	(543, 'storage/productImages/device (3).png', 136),
	(544, 'storage/productImages/device (4).png', 136),
	(545, 'storage/productImages/device (1).png', 137),
	(546, 'storage/productImages/device (2).png', 137),
	(547, 'storage/productImages/device (3).png', 137),
	(548, 'storage/productImages/device (4).png', 137),
	(549, 'storage/productImages/device (1).png', 138),
	(550, 'storage/productImages/device (2).png', 138),
	(551, 'storage/productImages/device (3).png', 138),
	(552, 'storage/productImages/device (4).png', 138),
	(553, 'storage/productImages/device (1).png', 139),
	(554, 'storage/productImages/device (2).png', 139),
	(555, 'storage/productImages/device (3).png', 139),
	(556, 'storage/productImages/device (4).png', 139),
	(557, 'storage/productImages/device (1).png', 140),
	(558, 'storage/productImages/device (2).png', 140),
	(559, 'storage/productImages/device (3).png', 140),
	(560, 'storage/productImages/device (4).png', 140),
	(561, 'storage/productImages/device (1).png', 141),
	(562, 'storage/productImages/device (2).png', 141),
	(563, 'storage/productImages/device (3).png', 141),
	(564, 'storage/productImages/device (4).png', 141),
	(565, 'storage/productImages/device (1).png', 142),
	(566, 'storage/productImages/device (2).png', 142),
	(567, 'storage/productImages/device (3).png', 142),
	(568, 'storage/productImages/device (4).png', 142),
	(569, 'storage/productImages/device (1).png', 143),
	(570, 'storage/productImages/device (2).png', 143),
	(571, 'storage/productImages/device (3).png', 143),
	(572, 'storage/productImages/device (4).png', 143),
	(573, 'storage/productImages/device (1).png', 144),
	(574, 'storage/productImages/device (2).png', 144),
	(575, 'storage/productImages/device (3).png', 144),
	(576, 'storage/productImages/device (4).png', 144),
	(577, 'storage/productImages/device (1).png', 145),
	(578, 'storage/productImages/device (2).png', 145),
	(579, 'storage/productImages/device (3).png', 145),
	(580, 'storage/productImages/device (4).png', 145),
	(581, 'storage/productImages/device (1).png', 146),
	(582, 'storage/productImages/device (2).png', 146),
	(583, 'storage/productImages/device (3).png', 146),
	(584, 'storage/productImages/device (4).png', 146),
	(585, 'storage/productImages/device (1).png', 147),
	(586, 'storage/productImages/device (2).png', 147),
	(587, 'storage/productImages/device (3).png', 147),
	(588, 'storage/productImages/device (4).png', 147),
	(589, 'storage/productImages/device (1).png', 148),
	(590, 'storage/productImages/device (2).png', 148),
	(591, 'storage/productImages/device (3).png', 148),
	(592, 'storage/productImages/device (4).png', 148),
	(593, 'storage/productImages/device (1).png', 149),
	(594, 'storage/productImages/device (2).png', 149),
	(595, 'storage/productImages/device (3).png', 149),
	(596, 'storage/productImages/device (4).png', 149),
	(597, 'storage/productImages/device (1).png', 150),
	(598, 'storage/productImages/device (2).png', 150),
	(599, 'storage/productImages/device (3).png', 150),
	(600, 'storage/productImages/device (4).png', 150),
	(601, 'storage/productImages/device (1).png', 151),
	(602, 'storage/productImages/device (2).png', 151),
	(603, 'storage/productImages/device (3).png', 151),
	(604, 'storage/productImages/device (4).png', 151),
	(605, 'storage/productImages/device (1).png', 152),
	(606, 'storage/productImages/device (2).png', 152),
	(607, 'storage/productImages/device (3).png', 152),
	(608, 'storage/productImages/device (4).png', 152),
	(609, 'storage/productImages/device (1).png', 153),
	(610, 'storage/productImages/device (2).png', 153),
	(611, 'storage/productImages/device (3).png', 153),
	(612, 'storage/productImages/device (4).png', 153),
	(613, 'storage/productImages/device (1).png', 154),
	(614, 'storage/productImages/device (2).png', 154),
	(615, 'storage/productImages/device (3).png', 154),
	(616, 'storage/productImages/device (4).png', 154),
	(617, 'storage/productImages/device (1).png', 155),
	(618, 'storage/productImages/device (2).png', 155),
	(619, 'storage/productImages/device (3).png', 155),
	(620, 'storage/productImages/device (4).png', 155),
	(621, 'storage/productImages/device (1).png', 156),
	(622, 'storage/productImages/device (2).png', 156),
	(623, 'storage/productImages/device (3).png', 156),
	(624, 'storage/productImages/device (4).png', 156),
	(625, 'storage/productImages/device (1).png', 157),
	(626, 'storage/productImages/device (2).png', 157),
	(627, 'storage/productImages/device (3).png', 157),
	(628, 'storage/productImages/device (4).png', 157),
	(629, 'storage/productImages/device (1).png', 158),
	(630, 'storage/productImages/device (2).png', 158),
	(631, 'storage/productImages/device (3).png', 158),
	(632, 'storage/productImages/device (4).png', 158),
	(633, 'storage/productImages/device (1).png', 159),
	(634, 'storage/productImages/device (2).png', 159),
	(635, 'storage/productImages/device (3).png', 159),
	(636, 'storage/productImages/device (4).png', 159),
	(637, 'storage/productImages/device (1).png', 160),
	(638, 'storage/productImages/device (2).png', 160),
	(639, 'storage/productImages/device (3).png', 160),
	(640, 'storage/productImages/device (4).png', 160),
	(641, 'storage/productImages/device (1).png', 161),
	(642, 'storage/productImages/device (2).png', 161),
	(643, 'storage/productImages/device (3).png', 161),
	(644, 'storage/productImages/device (4).png', 161),
	(645, 'storage/productImages/device (1).png', 162),
	(646, 'storage/productImages/device (2).png', 162),
	(647, 'storage/productImages/device (3).png', 162),
	(648, 'storage/productImages/device (4).png', 162),
	(649, 'storage/productImages/device (1).png', 163),
	(650, 'storage/productImages/device (2).png', 163),
	(651, 'storage/productImages/device (3).png', 163),
	(652, 'storage/productImages/device (4).png', 163),
	(653, 'storage/productImages/device (1).png', 164),
	(654, 'storage/productImages/device (2).png', 164),
	(655, 'storage/productImages/device (3).png', 164),
	(656, 'storage/productImages/device (4).png', 164),
	(657, 'storage/productImages/device (1).png', 165),
	(658, 'storage/productImages/device (2).png', 165),
	(659, 'storage/productImages/device (3).png', 165),
	(660, 'storage/productImages/device (4).png', 165),
	(661, 'storage/productImages/device (1).png', 166),
	(662, 'storage/productImages/device (2).png', 166),
	(663, 'storage/productImages/device (3).png', 166),
	(664, 'storage/productImages/device (4).png', 166),
	(665, 'storage/productImages/device (1).png', 167),
	(666, 'storage/productImages/device (2).png', 167),
	(667, 'storage/productImages/device (3).png', 167),
	(668, 'storage/productImages/device (4).png', 167),
	(669, 'storage/productImages/device (1).png', 168),
	(670, 'storage/productImages/device (2).png', 168),
	(671, 'storage/productImages/device (3).png', 168),
	(672, 'storage/productImages/device (4).png', 168),
	(673, 'storage/productImages/device (1).png', 169),
	(674, 'storage/productImages/device (2).png', 169),
	(675, 'storage/productImages/device (3).png', 169),
	(676, 'storage/productImages/device (4).png', 169),
	(677, 'storage/productImages/device (1).png', 170),
	(678, 'storage/productImages/device (2).png', 170),
	(679, 'storage/productImages/device (3).png', 170),
	(680, 'storage/productImages/device (4).png', 170),
	(681, 'storage/productImages/device (1).png', 171),
	(682, 'storage/productImages/device (2).png', 171),
	(683, 'storage/productImages/device (3).png', 171),
	(684, 'storage/productImages/device (4).png', 171),
	(685, 'storage/productImages/device (1).png', 172),
	(686, 'storage/productImages/device (2).png', 172),
	(687, 'storage/productImages/device (3).png', 172),
	(688, 'storage/productImages/device (4).png', 172),
	(689, 'storage/productImages/device (1).png', 173),
	(690, 'storage/productImages/device (2).png', 173),
	(691, 'storage/productImages/device (3).png', 173),
	(692, 'storage/productImages/device (4).png', 173),
	(693, 'storage/productImages/device (1).png', 174),
	(694, 'storage/productImages/device (2).png', 174),
	(695, 'storage/productImages/device (3).png', 174),
	(696, 'storage/productImages/device (4).png', 174),
	(697, 'storage/productImages/device (1).png', 175),
	(698, 'storage/productImages/device (2).png', 175),
	(699, 'storage/productImages/device (3).png', 175),
	(700, 'storage/productImages/device (4).png', 175),
	(701, 'storage/productImages/device (1).png', 176),
	(702, 'storage/productImages/device (2).png', 176),
	(703, 'storage/productImages/device (3).png', 176),
	(704, 'storage/productImages/device (4).png', 176),
	(705, 'storage/productImages/device (1).png', 177),
	(706, 'storage/productImages/device (2).png', 177),
	(707, 'storage/productImages/device (3).png', 177),
	(708, 'storage/productImages/device (4).png', 177),
	(709, 'storage/productImages/device (1).png', 178),
	(710, 'storage/productImages/device (2).png', 178),
	(711, 'storage/productImages/device (3).png', 178),
	(712, 'storage/productImages/device (4).png', 178),
	(713, 'storage/productImages/device (1).png', 179),
	(714, 'storage/productImages/device (2).png', 179),
	(715, 'storage/productImages/device (3).png', 179),
	(716, 'storage/productImages/device (4).png', 179),
	(717, 'storage/productImages/device (1).png', 180),
	(718, 'storage/productImages/device (2).png', 180),
	(719, 'storage/productImages/device (3).png', 180),
	(720, 'storage/productImages/device (4).png', 180),
	(721, 'storage/productImages/device (1).png', 181),
	(722, 'storage/productImages/device (2).png', 181),
	(723, 'storage/productImages/device (3).png', 181),
	(724, 'storage/productImages/device (4).png', 181),
	(725, 'storage/productImages/device (1).png', 182),
	(726, 'storage/productImages/device (2).png', 182),
	(727, 'storage/productImages/device (3).png', 182),
	(728, 'storage/productImages/device (4).png', 182),
	(729, 'storage/productImages/device (1).png', 183),
	(730, 'storage/productImages/device (2).png', 183),
	(731, 'storage/productImages/device (3).png', 183),
	(732, 'storage/productImages/device (4).png', 183),
	(733, 'storage/productImages/device (1).png', 184),
	(734, 'storage/productImages/device (2).png', 184),
	(735, 'storage/productImages/device (3).png', 184),
	(736, 'storage/productImages/device (4).png', 184),
	(737, 'storage/productImages/device (1).png', 185),
	(738, 'storage/productImages/device (2).png', 185),
	(739, 'storage/productImages/device (3).png', 185),
	(740, 'storage/productImages/device (4).png', 185),
	(741, 'storage/productImages/device (1).png', 186),
	(742, 'storage/productImages/device (2).png', 186),
	(743, 'storage/productImages/device (3).png', 186),
	(744, 'storage/productImages/device (4).png', 186),
	(745, 'storage/productImages/device (1).png', 187),
	(746, 'storage/productImages/device (2).png', 187),
	(747, 'storage/productImages/device (3).png', 187),
	(748, 'storage/productImages/device (4).png', 187),
	(749, 'storage/productImages/device (1).png', 188),
	(750, 'storage/productImages/device (2).png', 188),
	(751, 'storage/productImages/device (3).png', 188),
	(752, 'storage/productImages/device (4).png', 188),
	(753, 'storage/productImages/device (1).png', 189),
	(754, 'storage/productImages/device (2).png', 189),
	(755, 'storage/productImages/device (3).png', 189),
	(756, 'storage/productImages/device (4).png', 189),
	(757, 'storage/productImages/device (1).png', 190),
	(758, 'storage/productImages/device (2).png', 190),
	(759, 'storage/productImages/device (3).png', 190),
	(760, 'storage/productImages/device (4).png', 190),
	(761, 'storage/productImages/device (1).png', 191),
	(762, 'storage/productImages/device (2).png', 191),
	(763, 'storage/productImages/device (3).png', 191),
	(764, 'storage/productImages/device (4).png', 191),
	(765, 'storage/productImages/device (1).png', 192),
	(766, 'storage/productImages/device (2).png', 192),
	(767, 'storage/productImages/device (3).png', 192),
	(768, 'storage/productImages/device (4).png', 192),
	(769, 'storage/productImages/device (1).png', 193),
	(770, 'storage/productImages/device (2).png', 193),
	(771, 'storage/productImages/device (3).png', 193),
	(772, 'storage/productImages/device (4).png', 193),
	(773, 'storage/productImages/device (1).png', 194),
	(774, 'storage/productImages/device (2).png', 194),
	(775, 'storage/productImages/device (3).png', 194),
	(776, 'storage/productImages/device (4).png', 194),
	(777, 'storage/productImages/device (1).png', 195),
	(778, 'storage/productImages/device (2).png', 195),
	(779, 'storage/productImages/device (3).png', 195),
	(780, 'storage/productImages/device (4).png', 195),
	(781, 'storage/productImages/device (1).png', 196),
	(782, 'storage/productImages/device (2).png', 196),
	(783, 'storage/productImages/device (3).png', 196),
	(784, 'storage/productImages/device (4).png', 196),
	(785, 'storage/productImages/device (1).png', 197),
	(786, 'storage/productImages/device (2).png', 197),
	(787, 'storage/productImages/device (3).png', 197),
	(788, 'storage/productImages/device (4).png', 197),
	(789, 'storage/productImages/device (1).png', 198),
	(790, 'storage/productImages/device (2).png', 198),
	(791, 'storage/productImages/device (3).png', 198),
	(792, 'storage/productImages/device (4).png', 198),
	(793, 'storage/productImages/device (1).png', 199),
	(794, 'storage/productImages/device (2).png', 199),
	(795, 'storage/productImages/device (3).png', 199),
	(796, 'storage/productImages/device (4).png', 199),
	(797, 'storage/productImages/device (1).png', 200),
	(798, 'storage/productImages/device (2).png', 200),
	(799, 'storage/productImages/device (3).png', 200),
	(800, 'storage/productImages/device (4).png', 200),
	(801, 'storage/productImages/device (1).png', 201),
	(802, 'storage/productImages/device (2).png', 201),
	(803, 'storage/productImages/device (3).png', 201),
	(804, 'storage/productImages/device (4).png', 201),
	(805, 'storage/productImages/device (1).png', 202),
	(806, 'storage/productImages/device (2).png', 202),
	(807, 'storage/productImages/device (3).png', 202),
	(808, 'storage/productImages/device (4).png', 202),
	(809, 'storage/productImages/device (1).png', 203),
	(810, 'storage/productImages/device (2).png', 203),
	(811, 'storage/productImages/device (3).png', 203),
	(812, 'storage/productImages/device (4).png', 203),
	(813, 'storage/productImages/device (1).png', 204),
	(814, 'storage/productImages/device (2).png', 204),
	(815, 'storage/productImages/device (3).png', 204),
	(816, 'storage/productImages/device (4).png', 204),
	(817, 'storage/productImages/device (1).png', 205),
	(818, 'storage/productImages/device (2).png', 205),
	(819, 'storage/productImages/device (3).png', 205),
	(820, 'storage/productImages/device (4).png', 205),
	(821, 'storage/productImages/device (1).png', 206),
	(822, 'storage/productImages/device (2).png', 206),
	(823, 'storage/productImages/device (3).png', 206),
	(824, 'storage/productImages/device (4).png', 206),
	(825, 'storage/productImages/device (1).png', 207),
	(826, 'storage/productImages/device (2).png', 207),
	(827, 'storage/productImages/device (3).png', 207),
	(828, 'storage/productImages/device (4).png', 207),
	(829, 'storage/productImages/device (1).png', 208),
	(830, 'storage/productImages/device (2).png', 208),
	(831, 'storage/productImages/device (3).png', 208),
	(832, 'storage/productImages/device (4).png', 208),
	(833, 'storage/productImages/device (1).png', 209),
	(834, 'storage/productImages/device (2).png', 209),
	(835, 'storage/productImages/device (3).png', 209),
	(836, 'storage/productImages/device (4).png', 209),
	(837, 'storage/productImages/device (1).png', 210),
	(838, 'storage/productImages/device (2).png', 210),
	(839, 'storage/productImages/device (3).png', 210),
	(840, 'storage/productImages/device (4).png', 210),
	(841, 'storage/productImages/device (1).png', 211),
	(842, 'storage/productImages/device (2).png', 211),
	(843, 'storage/productImages/device (3).png', 211),
	(844, 'storage/productImages/device (4).png', 211),
	(845, 'storage/productImages/device (1).png', 212),
	(846, 'storage/productImages/device (2).png', 212),
	(847, 'storage/productImages/device (3).png', 212),
	(848, 'storage/productImages/device (4).png', 212),
	(849, 'storage/productImages/device (1).png', 213),
	(850, 'storage/productImages/device (2).png', 213),
	(851, 'storage/productImages/device (3).png', 213),
	(852, 'storage/productImages/device (4).png', 213),
	(853, 'storage/productImages/device (1).png', 214),
	(854, 'storage/productImages/device (2).png', 214),
	(855, 'storage/productImages/device (3).png', 214),
	(856, 'storage/productImages/device (4).png', 214),
	(857, 'storage/productImages/device (1).png', 215),
	(858, 'storage/productImages/device (2).png', 215),
	(859, 'storage/productImages/device (3).png', 215),
	(860, 'storage/productImages/device (4).png', 215),
	(861, 'storage/productImages/device (1).png', 216),
	(862, 'storage/productImages/device (2).png', 216),
	(863, 'storage/productImages/device (3).png', 216),
	(864, 'storage/productImages/device (4).png', 216),
	(865, 'storage/productImages/device (1).png', 217),
	(866, 'storage/productImages/device (2).png', 217),
	(867, 'storage/productImages/device (3).png', 217),
	(868, 'storage/productImages/device (4).png', 217),
	(869, 'storage/productImages/device (1).png', 218),
	(870, 'storage/productImages/device (2).png', 218),
	(871, 'storage/productImages/device (3).png', 218),
	(872, 'storage/productImages/device (4).png', 218),
	(873, 'storage/productImages/device (1).png', 219),
	(874, 'storage/productImages/device (2).png', 219),
	(875, 'storage/productImages/device (3).png', 219),
	(876, 'storage/productImages/device (4).png', 219),
	(877, 'storage/productImages/device (1).png', 220),
	(878, 'storage/productImages/device (2).png', 220),
	(879, 'storage/productImages/device (3).png', 220),
	(880, 'storage/productImages/device (4).png', 220),
	(881, 'storage/productImages/device (1).png', 221),
	(882, 'storage/productImages/device (2).png', 221),
	(883, 'storage/productImages/device (3).png', 221),
	(884, 'storage/productImages/device (4).png', 221),
	(885, 'storage/productImages/device (1).png', 222),
	(886, 'storage/productImages/device (2).png', 222),
	(887, 'storage/productImages/device (3).png', 222),
	(888, 'storage/productImages/device (4).png', 222),
	(889, 'storage/productImages/device (1).png', 223),
	(890, 'storage/productImages/device (2).png', 223),
	(891, 'storage/productImages/device (3).png', 223),
	(892, 'storage/productImages/device (4).png', 223),
	(893, 'storage/productImages/device (1).png', 224),
	(894, 'storage/productImages/device (2).png', 224),
	(895, 'storage/productImages/device (3).png', 224),
	(896, 'storage/productImages/device (4).png', 224),
	(897, 'storage/productImages/device (1).png', 225),
	(898, 'storage/productImages/device (2).png', 225),
	(899, 'storage/productImages/device (3).png', 225),
	(900, 'storage/productImages/device (4).png', 225),
	(901, 'storage/productImages/device (1).png', 226),
	(902, 'storage/productImages/device (2).png', 226),
	(903, 'storage/productImages/device (3).png', 226),
	(904, 'storage/productImages/device (4).png', 226),
	(905, 'storage/productImages/device (1).png', 227),
	(906, 'storage/productImages/device (2).png', 227),
	(907, 'storage/productImages/device (3).png', 227),
	(908, 'storage/productImages/device (4).png', 227),
	(909, 'storage/productImages/device (1).png', 228),
	(910, 'storage/productImages/device (2).png', 228),
	(911, 'storage/productImages/device (3).png', 228),
	(912, 'storage/productImages/device (4).png', 228),
	(913, 'storage/productImages/device (1).png', 229),
	(914, 'storage/productImages/device (2).png', 229),
	(915, 'storage/productImages/device (3).png', 229),
	(916, 'storage/productImages/device (4).png', 229),
	(917, 'storage/productImages/device (1).png', 230),
	(918, 'storage/productImages/device (2).png', 230),
	(919, 'storage/productImages/device (3).png', 230),
	(920, 'storage/productImages/device (4).png', 230),
	(921, 'storage/productImages/device (1).png', 231),
	(922, 'storage/productImages/device (2).png', 231),
	(923, 'storage/productImages/device (3).png', 231),
	(924, 'storage/productImages/device (4).png', 231),
	(925, 'storage/productImages/device (1).png', 232),
	(926, 'storage/productImages/device (2).png', 232),
	(927, 'storage/productImages/device (3).png', 232),
	(928, 'storage/productImages/device (4).png', 232),
	(929, 'storage/productImages/device (1).png', 233),
	(930, 'storage/productImages/device (2).png', 233),
	(931, 'storage/productImages/device (3).png', 233),
	(932, 'storage/productImages/device (4).png', 233),
	(933, 'storage/productImages/device (1).png', 234),
	(934, 'storage/productImages/device (2).png', 234),
	(935, 'storage/productImages/device (3).png', 234),
	(936, 'storage/productImages/device (4).png', 234),
	(937, 'storage/productImages/device (1).png', 235),
	(938, 'storage/productImages/device (2).png', 235),
	(939, 'storage/productImages/device (3).png', 235),
	(940, 'storage/productImages/device (4).png', 235),
	(941, 'storage/productImages/device (1).png', 236),
	(942, 'storage/productImages/device (2).png', 236),
	(943, 'storage/productImages/device (3).png', 236),
	(944, 'storage/productImages/device (4).png', 236),
	(945, 'storage/productImages/device (1).png', 237),
	(946, 'storage/productImages/device (2).png', 237),
	(947, 'storage/productImages/device (3).png', 237),
	(948, 'storage/productImages/device (4).png', 237),
	(949, 'storage/productImages/device (1).png', 238),
	(950, 'storage/productImages/device (2).png', 238),
	(951, 'storage/productImages/device (3).png', 238),
	(952, 'storage/productImages/device (4).png', 238),
	(953, 'storage/productImages/device (1).png', 239),
	(954, 'storage/productImages/device (2).png', 239),
	(955, 'storage/productImages/device (3).png', 239),
	(956, 'storage/productImages/device (4).png', 239),
	(957, 'storage/productImages/device (1).png', 240),
	(958, 'storage/productImages/device (2).png', 240),
	(959, 'storage/productImages/device (3).png', 240),
	(960, 'storage/productImages/device (4).png', 240),
	(961, 'storage/productImages/device (1).png', 241),
	(962, 'storage/productImages/device (2).png', 241),
	(963, 'storage/productImages/device (3).png', 241),
	(964, 'storage/productImages/device (4).png', 241),
	(965, 'storage/productImages/device (1).png', 242),
	(966, 'storage/productImages/device (2).png', 242),
	(967, 'storage/productImages/device (3).png', 242),
	(968, 'storage/productImages/device (4).png', 242),
	(969, 'storage/productImages/device (1).png', 243),
	(970, 'storage/productImages/device (2).png', 243),
	(971, 'storage/productImages/device (3).png', 243),
	(972, 'storage/productImages/device (4).png', 243),
	(973, 'storage/productImages/device (1).png', 244),
	(974, 'storage/productImages/device (2).png', 244),
	(975, 'storage/productImages/device (3).png', 244),
	(976, 'storage/productImages/device (4).png', 244),
	(977, 'storage/productImages/device (1).png', 245),
	(978, 'storage/productImages/device (2).png', 245),
	(979, 'storage/productImages/device (3).png', 245),
	(980, 'storage/productImages/device (4).png', 245),
	(981, 'storage/productImages/device (1).png', 246),
	(982, 'storage/productImages/device (2).png', 246),
	(983, 'storage/productImages/device (3).png', 246),
	(984, 'storage/productImages/device (4).png', 246),
	(985, 'storage/productImages/device (1).png', 247),
	(986, 'storage/productImages/device (2).png', 247),
	(987, 'storage/productImages/device (3).png', 247),
	(988, 'storage/productImages/device (4).png', 247),
	(989, 'storage/productImages/device (1).png', 248),
	(990, 'storage/productImages/device (2).png', 248),
	(991, 'storage/productImages/device (3).png', 248),
	(992, 'storage/productImages/device (4).png', 248),
	(993, 'storage/productImages/device (1).png', 249),
	(994, 'storage/productImages/device (2).png', 249),
	(995, 'storage/productImages/device (3).png', 249),
	(996, 'storage/productImages/device (4).png', 249),
	(997, 'storage/productImages/device (1).png', 250),
	(998, 'storage/productImages/device (2).png', 250),
	(999, 'storage/productImages/device (3).png', 250),
	(1000, 'storage/productImages/device (4).png', 250),
	(1001, 'storage/productImages/device (1).png', 251),
	(1002, 'storage/productImages/device (2).png', 251),
	(1003, 'storage/productImages/device (3).png', 251),
	(1004, 'storage/productImages/device (4).png', 251),
	(1005, 'storage/productImages/device (1).png', 252),
	(1006, 'storage/productImages/device (2).png', 252),
	(1007, 'storage/productImages/device (3).png', 252),
	(1008, 'storage/productImages/device (4).png', 252),
	(1009, 'storage/productImages/device (1).png', 253),
	(1010, 'storage/productImages/device (2).png', 253),
	(1011, 'storage/productImages/device (3).png', 253),
	(1012, 'storage/productImages/device (4).png', 253),
	(1013, 'storage/productImages/device (1).png', 254),
	(1014, 'storage/productImages/device (2).png', 254),
	(1015, 'storage/productImages/device (3).png', 254),
	(1016, 'storage/productImages/device (4).png', 254),
	(1017, 'storage/productImages/device (1).png', 255),
	(1018, 'storage/productImages/device (2).png', 255),
	(1019, 'storage/productImages/device (3).png', 255),
	(1020, 'storage/productImages/device (4).png', 255),
	(1021, 'storage/productImages/device (1).png', 256),
	(1022, 'storage/productImages/device (2).png', 256),
	(1023, 'storage/productImages/device (3).png', 256),
	(1024, 'storage/productImages/device (4).png', 256),
	(1025, 'storage/productImages/device (1).png', 257),
	(1026, 'storage/productImages/device (2).png', 257),
	(1027, 'storage/productImages/device (3).png', 257),
	(1028, 'storage/productImages/device (4).png', 257),
	(1029, 'storage/productImages/device (1).png', 258),
	(1030, 'storage/productImages/device (2).png', 258),
	(1031, 'storage/productImages/device (3).png', 258),
	(1032, 'storage/productImages/device (4).png', 258),
	(1033, 'storage/productImages/device (1).png', 259),
	(1034, 'storage/productImages/device (2).png', 259),
	(1035, 'storage/productImages/device (3).png', 259),
	(1036, 'storage/productImages/device (4).png', 259),
	(1037, 'storage/productImages/device (1).png', 260),
	(1038, 'storage/productImages/device (2).png', 260),
	(1039, 'storage/productImages/device (3).png', 260),
	(1040, 'storage/productImages/device (4).png', 260),
	(1041, 'storage/productImages/device (1).png', 261),
	(1042, 'storage/productImages/device (2).png', 261),
	(1043, 'storage/productImages/device (3).png', 261),
	(1044, 'storage/productImages/device (4).png', 261),
	(1045, 'storage/productImages/device (1).png', 262),
	(1046, 'storage/productImages/device (2).png', 262),
	(1047, 'storage/productImages/device (3).png', 262),
	(1048, 'storage/productImages/device (4).png', 262),
	(1049, 'storage/productImages/device (1).png', 263),
	(1050, 'storage/productImages/device (2).png', 263),
	(1051, 'storage/productImages/device (3).png', 263),
	(1052, 'storage/productImages/device (4).png', 263),
	(1053, 'storage/productImages/device (1).png', 264),
	(1054, 'storage/productImages/device (2).png', 264),
	(1055, 'storage/productImages/device (3).png', 264),
	(1056, 'storage/productImages/device (4).png', 264),
	(1057, 'storage/productImages/device (1).png', 265),
	(1058, 'storage/productImages/device (2).png', 265),
	(1059, 'storage/productImages/device (3).png', 265),
	(1060, 'storage/productImages/device (4).png', 265),
	(1061, 'storage/productImages/device (1).png', 266),
	(1062, 'storage/productImages/device (2).png', 266),
	(1063, 'storage/productImages/device (3).png', 266),
	(1064, 'storage/productImages/device (4).png', 266),
	(1065, 'storage/productImages/device (1).png', 267),
	(1066, 'storage/productImages/device (2).png', 267),
	(1067, 'storage/productImages/device (3).png', 267),
	(1068, 'storage/productImages/device (4).png', 267),
	(1069, 'storage/productImages/device (1).png', 268),
	(1070, 'storage/productImages/device (2).png', 268),
	(1071, 'storage/productImages/device (3).png', 268),
	(1072, 'storage/productImages/device (4).png', 268),
	(1073, 'storage/productImages/device (1).png', 269),
	(1074, 'storage/productImages/device (2).png', 269),
	(1075, 'storage/productImages/device (3).png', 269),
	(1076, 'storage/productImages/device (4).png', 269),
	(1077, 'storage/productImages/device (1).png', 270),
	(1078, 'storage/productImages/device (2).png', 270),
	(1079, 'storage/productImages/device (3).png', 270),
	(1080, 'storage/productImages/device (4).png', 270),
	(1081, 'storage/productImages/device (1).png', 271),
	(1082, 'storage/productImages/device (2).png', 271),
	(1083, 'storage/productImages/device (3).png', 271),
	(1084, 'storage/productImages/device (4).png', 271),
	(1085, 'storage/productImages/device (1).png', 272),
	(1086, 'storage/productImages/device (2).png', 272),
	(1087, 'storage/productImages/device (3).png', 272),
	(1088, 'storage/productImages/device (4).png', 272),
	(1089, 'products/h3ejN3QIbWLBvJAuEZTMwpixbdjHV7kt5nV3bnDy.jpg', 273),
	(1090, 'products/s9o6R6H4XRBYb41DaswbWuAk8q9KHfnqKEL12Xjh.jpg', 273),
	(1091, 'products/mV6AGVqky39F9IsUAt9M4hJpkXK3o4ecaJvuFqff.jpg', 273),
	(1092, 'products/QRA6Zno2AKMj8fqPPbe8HQuO3R0vsgBmLztvntGD.jpg', 273),
	(1093, 'productImages/HUAVWeKxfbG6cRD13Xa97LqMCVWvYWyBNOZg03bm.jpg', 274),
	(1094, 'productImages/RTw8lw6brpz71dKk1pxVRCGDrkMjF7VZkF4zlRAB.jpg', 274),
	(1095, 'productImages/SDeOKBAGmCDg1WLaHJXwhwRQVT46OjoK3apSUrHU.jpg', 274),
	(1096, 'productImages/8yc9CULEmNhStHQhZ3D6sez6pv55Y3FRMtTr05Ra.jpg', 274),
	(1097, 'storage/productImages/dplq6dM18GzHOS7bJ8cDJXlhWMKkneLwqDanP2KR.jpg', 276),
	(1098, 'storage/productImages/yp90yYDusGuoku7eJU13vBZzPV3nVo10ILEGHODN.jpg', 276),
	(1099, 'storage/productImages/RXH6wm4Qba9xI8BHcLn0u2lPBkC233o3jel41OT6.jpg', 276),
	(1100, 'storage/productImages/d4VScdhbKTNO0jZUsyTb8ZjzYyAvp4HmIOA5gF8M.jpg', 276),
	(1101, 'storage/productImages/meiEkv7Sc4VzS26JitOfl42MZGLZmsDq66f9RT7t.jpg', 277),
	(1102, 'storage/productImages/cmMAz4JiNuTkKsDziBNDAJRc2LZfsrOrvdQjumo1.jpg', 277),
	(1103, 'storage/productImages/B1dxh1n07smFEb3bdRNE73RHuczZQOAVueX6sPIf.jpg', 277),
	(1104, 'storage/productImages/sxM3ijaUcf3skAN8oQQzUcVj4sqSBMphzDJFOep2.jpg', 277);

-- Dumping structure for table test.users
DROP TABLE IF EXISTS `users`;
CREATE TABLE IF NOT EXISTS `users` (
  `id` bigint unsigned NOT NULL AUTO_INCREMENT,
  `name` varchar(255) COLLATE utf8mb4_unicode_ci NOT NULL,
  `email` varchar(255) COLLATE utf8mb4_unicode_ci NOT NULL,
  `email_verified_at` timestamp NULL DEFAULT NULL,
  `password` varchar(255) COLLATE utf8mb4_unicode_ci NOT NULL,
  `remember_token` varchar(100) COLLATE utf8mb4_unicode_ci DEFAULT NULL,
  `created_at` timestamp NULL DEFAULT NULL,
  `updated_at` timestamp NULL DEFAULT NULL,
  `role` varchar(255) COLLATE utf8mb4_unicode_ci NOT NULL DEFAULT 'customer',
  PRIMARY KEY (`id`),
  UNIQUE KEY `users_email_unique` (`email`)
) ENGINE=InnoDB AUTO_INCREMENT=4 DEFAULT CHARSET=utf8mb4 COLLATE=utf8mb4_unicode_ci;

-- Dumping data for table test.users: ~2 rows (approximately)
REPLACE INTO `users` (`id`, `name`, `email`, `email_verified_at`, `password`, `remember_token`, `created_at`, `updated_at`, `role`) VALUES
	(1, 'nhatc', 'nhatanh.nuisxx@gmail.com', NULL, '$2y$12$1o.J/JeXoDlweNbzk2i8seVY7JB42yQv2To9eJzg1CnaDIMjq3Fy.', NULL, '2025-03-09 01:44:33', '2025-03-09 01:44:33', 'customer'),
	(2, 'nhatcv', 'nhatanh.nuisxccx@gmail.com', NULL, '$2y$12$RobYpina3ZRlE0jRqZTBIOutvnkN53wnZdmsS1S/v4sHf5VSo7/ZO', NULL, '2025-03-09 01:47:34', '2025-03-09 01:47:34', 'customer'),
	(3, 'nuisuper22', 'nhatanh.nuisxxxx@gmail.com', NULL, '$2y$12$0wFNr/5UpIB4ab3NkZRhVuC9cEuTMDwSeU7gxR2svS0rywEeABeWm', NULL, '2025-03-16 18:34:05', '2025-03-16 18:34:05', 'admin');

-- Dumping structure for table test.vouchers
DROP TABLE IF EXISTS `vouchers`;
CREATE TABLE IF NOT EXISTS `vouchers` (
  `id` bigint NOT NULL AUTO_INCREMENT,
  `don_toi_thieu` int NOT NULL,
  `giam_toi_da` int NOT NULL,
  `ma_giam_gia` varchar(255) NOT NULL,
  `ngay_bat_dau` datetime(6) DEFAULT NULL,
  `ngay_het_han` datetime(6) DEFAULT NULL,
  `phan_tram_giam` int NOT NULL,
  `so_luong_con` int NOT NULL,
  PRIMARY KEY (`id`),
  CONSTRAINT `vouchers_chk_1` CHECK (((`phan_tram_giam` >= 1) and (`phan_tram_giam` <= 100)))
) ENGINE=InnoDB AUTO_INCREMENT=6 DEFAULT CHARSET=utf8mb4 COLLATE=utf8mb4_0900_ai_ci;

-- Dumping data for table test.vouchers: ~5 rows (approximately)
REPLACE INTO `vouchers` (`id`, `don_toi_thieu`, `giam_toi_da`, `ma_giam_gia`, `ngay_bat_dau`, `ngay_het_han`, `phan_tram_giam`, `so_luong_con`) VALUES
	(1, 1000000, 200000, 'GIAMGIA1', '2024-06-28 17:01:37.264105', '2024-10-05 17:01:37.264105', 12, 100),
	(2, 2000000, 300000, 'GIAMGIA2', '2024-06-28 17:01:37.264105', '2024-10-05 17:01:37.264105', 15, 99),
	(3, 100000, 200000, 'GIAMGIA3', '2024-06-28 17:01:37.264105', '2024-10-05 17:01:37.264105', 9, 100),
	(4, 1500000, 150000, 'GIAMGIA4', '2024-06-28 17:01:37.264105', '2024-10-05 17:01:37.264105', 13, 100),
	(5, 10000000, 2000000, 'GIAMGIA5', '2024-06-28 17:01:37.264105', '2024-10-05 17:01:37.264105', 18, 100);

/*!40103 SET TIME_ZONE=IFNULL(@OLD_TIME_ZONE, 'system') */;
/*!40101 SET SQL_MODE=IFNULL(@OLD_SQL_MODE, '') */;
/*!40014 SET FOREIGN_KEY_CHECKS=IFNULL(@OLD_FOREIGN_KEY_CHECKS, 1) */;
/*!40101 SET CHARACTER_SET_CLIENT=@OLD_CHARACTER_SET_CLIENT */;
/*!40111 SET SQL_NOTES=IFNULL(@OLD_SQL_NOTES, 1) */;
